Workbook

Sheet LEEME
A1: hoja | B1: descripcion
A2: Sectores (falta el atractivo_no_reciclar) | B2: Un sector por fila (zona censal). macrozona: distrito al que pertenece (cada sector en una sola). atractivo_no_reciclar: se calibra con las toneladas 2023.
A3: Sitios (falta que el liu calcule contenedores por punto limpio, para poner bien la superficie para contenedores) | B3: Ubicaciones candidatas (incluye las actuales). macrozona: dónde está el sitio. superficie: espacio para contenedores.
A4: PuntosActuales | B4: Los puntos limpios que existen hoy y el sitio donde están.
A5: Materiales | B5: Las 5 categorías del DS 12.
A6: TiposContenedor | B6: Cada tipo recibe un solo material. capacidad en toneladas (volumen x densidad aparente del material).
A7: DotacionActual | B7: Dotación estándar: contenedores que tiene hoy cada punto actual (igual para todos). Si el punto se mueve, se trasladan con él.
A8: Generacion | B8: Generación anual por habitante de cada material en cada sector.
A9: Semanas | B9: Una fila por semana del horizonte. fraccion_generacion: parte de la generación anual que ocurre esa semana. temporada solo se usa para gráficos.
A10: AtractivoSitios | B10: Solo pares sector-sitio dentro de la distancia máxima; el resto se asume 0.
A11: Alternativas | B11: Una fila por cada material que recibe cada alternativa de terceros.
A12: AtractivoAlternativas | B12: Atractivo de cada alternativa para cada sector (pares fuera de distancia se omiten).
... A16: AVISO | B16: TODOS LOS DATOS DE ESTE ARCHIVO SON INVENTADOS. Solo sirven de plantilla y para probar el código.

Sheet Sectores
A1: sector | B1: macrozona | C1: poblacion [hab] | D1: atractivo_no_reciclar [-]
A2: Z1 | B2: Sur Oriente | C2: 2849
A3: Z2 | B3: Sur Oriente | C3: 5671
A4: Z3 | B4: Sur Oriente | C4: 2170
A5: Z4 | B5: Sur Oriente | C5: 1868
A6: Z5 | B6: Sur Oriente | C6: 1511
A7: Z6 | B7: Sur Oriente | C7: 3068
A8: Z7 | B8: Norte Oriente | C8: 3975
A9: Z8 | B9: Norte Oriente | C9: 3739
A10: Z9 | B10: Norte Oriente | C10: 1825
A11: Z10 | B11: Norte Oriente | C11: 4171
A12: Z11 | B12: Norte Oriente | C12: 2572
A13: Z12 | B13: Norte Oriente | C13: 5622
... A143: Z142 | B143: Sur Oriente | C143: 4166

Sheet Sitios
A1: sitio | B1: macrozona | C1: superficie [m2]
A2: S1 | B2: Sur Poniente | C2: 420
A3: S2 | B3: Norte Oriente | C3: 480
A4: S3 | B4: Norte Poniente | C4: 640
A5: S4 | B5: Sur Poniente | C5: 440
A6: S5 | B6: Norte Oriente | C6: 490
A7: S6 | B7: Sur Poniente | C7: 500
A8: S7 | B8: Sur Poniente | C8: 640
A9: S8 | B9: Sur Oriente | C9: 550
A10: S9 | B10: Sur Oriente | C10: 420
A11: S10 | B11: Norte Poniente | C11: 440
A12: S11 | B12: Sur Oriente | C12: 540
A13: S12 | B13: Norte Poniente | C13: 450
... A21: S20 | B21: Norte Poniente | C21: 560

Sheet PuntosActuales
A1: punto | B1: sitio_actual
A2: P1 | B2: S1
A3: P2 | B3: S2
A4: P3 | B4: S3
A5: P4 | B5: S4
A6: P5 | B6: S5
A7: P6 | B7: S6
A8: P7 | B8: S7

Sheet Materiales
A1: material
A2: papel_carton
A3: plastico
A4: vidrio
A5: metal
A6: carton_liquidos

Sheet TiposContenedor
A1: tipo | B1: material | C1: capacidad [ton/cont] | D1: superficie [m2/cont] | E1: costo_compra [CLP/cont] | F1: costo_mantencion [CLP/cont/año]
A2: PC_770 | B2: papel_carton | C2: 0.044044 | D2: 1.0164 | E2: 442150 | F2: =ROUND(E2*Costos!$B$5,0) -> 22108
A3: PC_1100 | B3: papel_carton | C3: 0.06292 | D3: 1.4659 | E3: 527043 | F3: =ROUND(E3*Costos!$B$5,0) -> 26352
A4: PL_240 | B4: plastico | C4: 0.00768 | D4: 0.42703 | E4: 96334 | F4: =ROUND(E4*Costos!$B$5,0) -> 4817
A5: PL_770 | B5: plastico | C5: 0.02464 | D5: 1.0164 | E5: 442150 | F5: =ROUND(E5*Costos!$B$5,0) -> 22108
A6: PL_1100 | B6: plastico | C6: 0.0352 | D6: 1.4659 | E6: 527043 | F6: =ROUND(E6*Costos!$B$5,0) -> 26352
A7: VI_240 | B7: vidrio | C7: 0.0768 | D7: 0.42703 | E7: 96334 | F7: =ROUND(E7*Costos!$B$5,0) -> 4817
A8: VI_3000 | B8: vidrio | C8: 1.2 | D8: 2.64 | E8: 1500000 | F8: =ROUND(E8*Costos!$B$5,0) -> 75000
A9: ME_240 | B9: metal | C9: 0.006912 | D9: 0.42703 | E9: 96334 | F9: =ROUND(E9*Costos!$B$5,0) -> 4817
A10: ME_770 | B10: metal | C10: 0.022176 | D10: 1.0164 | E10: 442150 | F10: =ROUND(E10*Costos!$B$5,0) -> 22108
A11: CL_770 | B11: carton_liquidos | C11: 0.016016 | D11: 1.0164 | E11: 442150 | F11: =ROUND(E11*Costos!$B$5,0) -> 22108
A12: CL_1100 | B12: carton_liquidos | C12: 0.02288 | D12: 1.4659 | E12: 527043 | F12: =ROUND(E12*Costos!$B$5,0) -> 26352

Sheet DotacionActual
A1: punto | B1: tipo_existente | C1: material | D1: cantidad [cont/punto] | E1: capacidad_util [ton/cont] | F1: superficie [m2/cont]
A2: Los Toros | B2: EX_JAULA_PC_6400 | C2: papel_carton | D2: 2 | E2: 0.36608 | F2: 3.2
A3: Los Toros | B3: EX_PL_770 | C3: plastico | D3: 5 | E3: 0.02464 | F3: 1.0608
A4: Los Toros | B4: EX_VI_CAMP_3000 | C4: vidrio | D4: 1 | E4: 1.2 | F4: 2.64
A5: Los Toros | B5: EX_ME_770 | C5: metal | D5: 1 | E5: 0.036676653 | F5: 1.0608
A6: Los Toros | B6: EX_CL_770 | C6: carton_liquidos | D6: 2 | E6: 0.016016 | F6: 1.0608
A7: Juan de Dios Malebrán | B7: EX_JAULA_PC_6400 | C7: papel_carton | D7: 2 | E7: 0.36608 | F7: 3.2
A8: Juan de Dios Malebrán | B8: EX_PL_770 | C8: plastico | D8: 6 | E8: 0.02464 | F8: 1.0608
A9: Juan de Dios Malebrán | B9: EX_VI_CAMP_3000 | C9: vidrio | D9: 1 | E9: 1.2 | F9: 2.64
A10: Juan de Dios Malebrán | B10: EX_ME_770 | C10: metal | D10: 2 | E10: 0.035530347 | F10: 1.0608
A11: Juan de Dios Malebrán | B11: EX_CL_770 | C11: carton_liquidos | D11: 2 | E11: 0.016016 | F11: 1.0608
A12: Creta | B12: EX_JAULA_PC_6400 | C12: papel_carton | D12: 1 | E12: 0.36608 | F12: 3.2
A13: Creta | B13: EX_PL_770 | C13: plastico | D13: 3 | E13: 0.02464 | F13: 1.0608
... A36: Los Evangelistas | B36: EX_CL_770 | C36: carton_liquidos | D36: 1 | E36: 0.016016 | F36: 1.0608

Sheet Generacion
A1: sector | B1: material | C1: generacion [ton/hab/año]
A2: Z1 | B2: papel_carton | C2: 0.043533877
A3: Z1 | B3: plastico | C3: 0.037870933
A4: Z1 | B4: vidrio | C4: 0.01344949
A5: Z1 | B5: metal | C5: 0.0035393396
A6: Z1 | B6: carton_liquidos | C6: 0.0024775377
A7: Z2 | B7: papel_carton | C7: 0.043533877
A8: Z2 | B8: plastico | C8: 0.037870933
A9: Z2 | B9: vidrio | C9: 0.01344949
A10: Z2 | B10: metal | C10: 0.0035393396
A11: Z2 | B11: carton_liquidos | C11: 0.0024775377
A12: Z3 | B12: papel_carton | C12: 0.043533877
A13: Z3 | B13: plastico | C13: 0.037870933
... A711: Z142 | B711: carton_liquidos | C711: 0.0024775377

Sheet Semanas
A1: semana | B1: temporada | C1: fraccion_generacion [-]
A2: 1 | B2: verano | C2: 0.02351
A3: 2 | B3: verano | C3: 0.02351
A4: 3 | B4: verano | C4: 0.02351
A5: 4 | B5: verano | C5: 0.02351
A6: 5 | B6: verano | C6: 0.01947
A7: 6 | B7: verano | C7: 0.01644
A8: 7 | B8: verano | C8: 0.01644
A9: 8 | B9: verano | C9: 0.01644
A10: 9 | B10: verano | C10: 0.01777
A11: 10 | B11: resto | C11: 0.01878
A12: 11 | B12: resto | C12: 0.01878
A13: 12 | B13: resto | C13: 0.01878
... A53: 52 | B53: verano | C53: 0.02583

Sheet AtractivoSitios
A1: sector | B1: sitio | C1: atractivo [-]

Sheet Alternativas
A1: alternativa | B1: material
A2: A1 | B2: plastico
A3: A2 | B3: plastico
A4: A3 | B4: papel_carton
A5: A4 | B5: plastico
A6: A5 | B6: plastico
A7: A6 | B7: plastico
A8: A7 | B8: plastico
A9: A8 | B9: plastico
A10: A9 | B10: plastico
A11: A10 | B11: plastico
A12: A11 | B12: plastico
... A51: A40 | B51: plastico

Sheet AtractivoAlternativas
A1: sector | B1: alternativa | C1: atractivo [-]

Sheet Camiones
A1: camion | B1: capacidad [ton/recorrido] | C1: costo_recorrido [CLP/recorrido] | D1: volumen [m3/recorrido] | E1: compatible_campana [0/1]
A2: H1 | B2: 1.5 | C2: 222000 | D2: 5.5 | E2: 1
A3: H2 | B3: 2.4 | C3: 287000 | D3: 8.8 | E3: 1
A4: H3 | B4: 4 | C4: 384000 | D4: 20.8 | E4: 1

Sheet Costos
A1: parametro | B1: valor | C1: unidad
A2: F | B2: 10 | C2: visitas/semana
A3: B | B3: 180000000 | C3: CLP/año
A4: cH | B4: 36000000 | C4: CLP/ubicación habilitada
A5: tasa_mantencion | B5: 0.05 | C5: 1/año

Sheet Coordenadas
A1: elemento | B1: tipo | C1: x [km] | D1: y [km]
A2: Z1 | B2: sector | C2: 5.96 | D2: 4.01
A3: Z2 | B3: sector | C3: 6.18 | D3: 3.65
A4: Z3 | B4: sector | C4: 4.94 | D4: 3.65
A5: Z4 | B5: sector | C5: 5.49 | D5: 3.93
A6: Z5 | B6: sector | C6: 5.5 | D6: 3.59
A7: Z6 | B7: sector | C7: 6.41 | D7: 4.03
A8: Z7 | B8: sector | C8: 6.18 | D8: 9.91
A9: Z8 | B9: sector | C9: 8 | D9: 9.06
A10: Z9 | B10: sector | C10: 7.51 | D10: 7.01
A11: Z10 | B11: sector | C11: 6.42 | D11: 9.27
A12: Z11 | B12: sector | C12: 6.69 | D12: 8.54
A13: Z12 | B13: sector | C13: 8.02 | D13: 7.59
... A203: A40 | B203: alternativa | C203: 1.11 | D203: 0.89

Sheet Fuentes_Metodologia
A1: GENERACION 2023 | BASE Y TRAZABILIDAD | V1
A3: Generación ajustada a 560.695 habitantes del Excel; tasas numéricas en Generacion para compatibilidad con código.
A5: Población de instancia | B5: 560695 | C5: hab | D5: Fijada por el equipo; igual a suma de Sectores
A6: RSD 2023 - suma de meses | B6: =J19 -> 198449 | C6: ton | D6: Dato base anual de recolección domiciliaria; sumar detalle mensual | I6: Mes (2023) | J6: RSD recolectado [ton]
A7: RSD 2023 - total indicado | B7: 198446 | C7: ton | D7: Discrepancia pendiente de revisar en RSD_2023.xlsx | I7: Enero | J7: 17945
A8: Diferencia suma - total | B8: =B6-B7 -> 3 | C8: ton | D8: Control del dato anual | I8: Febrero | J8: 15275
A9: Tasa anual RSD ajustada | B9: =B6/B5 -> 0.35393396 | C9: ton/hab/año | D9: 198.449 / 560.695, no es tasa oficial por habitante | I9: Marzo | J9: 17206
A10: Fracción estimada 5 materiales | B10: =B24 -> 0.285 | C10: [-] | D10: Suma de composición de los cinco materiales | I10: Abril | J10: 15613
A11: Tasa anual 5 materiales | B11: =E24 -> 0.10087118 | C11: ton/hab/año | D11: Suma de tasas anuales estimadas | I11: Mayo | J11: 16528
A12: Toneladas estimadas 5 materiales | B12: =F24 -> 56557.965 | C12: ton/año | D12: Estimación de generación de cinco materiales | I12: Junio | J12: 15204
A13: Población en Sectores | B13: =SUM(Sectores!C2:C143) -> 560695 | C13: hab | D13: Verificación independiente contra hoja Sectores | I13: Julio | J13: 15162
A14: Suma fracciones en Semanas | B14: =SUM(Semanas!C2:C53) -> 1 | C14: [-] | D14: Debe ser 1 para no duplicar estacionalidad | I14: Agosto | J14: 16641
A15: Registros de Generacion | B15: =COUNTA(Generacion!A2:A711) -> 710 | C15: filas | D15: 142 sectores x 5 materiales = 710 | I15: Septiembre | J15: 16088
A16: Diferencia vs 710 | B16: =B15-710 -> 0 | C16: filas | D16: Debe ser 0 | I16: Octubre | J16: 17304
I17: Noviembre | J17: 16900
A18: Material | B18: Proporción [% de RSD] | C18: Origen | D18: Año referencia | E18: Tasa [ton/hab/año] | F18: Estimado [ton/año] | G18: URL fuente | I18: Diciembre | J18: 18583
A19: Papel y cartón | B19: 0.123 | C19: MMA / Catastro SUBDERE 2017 | D19: 2017 | E19: =$B$9*B19 -> 0.043533877 | F19: =E19*$B$5 -> 24409.227 | G19: https://snichile.mma.gob.cl/wp-content/uploads/2023/04/2022_IIN_CL.pdf | I19: SUMA MENSUAL | J19: =SUM(J7:J18) -> 198449
A20: Plástico | B20: 0.107 | C20: MMA / Catastro SUBDERE 2017 | D20: 2017 | E20: =$B$9*B20 -> 0.037870933 | F20: =E20*$B$5 -> 21234.043 | G20: https://snichile.mma.gob.cl/wp-content/uploads/2023/04/2022_IIN_CL.pdf
A21: Vidrio | B21: 0.038 | C21: MMA / Catastro SUBDERE 2017 | D21: 2017 | E21: =$B$9*B21 -> 0.01344949 | F21: =E21*$B$5 -> 7541.062 | G21: https://snichile.mma.gob.cl/wp-content/uploads/2023/04/2022_IIN_CL.pdf
A22: Metales | B22: 0.01 | C22: MMA / Catastro SUBDERE 2017 | D22: 2017 | E22: =$B$9*B22 -> 0.0035393396 | F22: =E22*$B$5 -> 1984.49 | G22: https://snichile.mma.gob.cl/wp-content/uploads/2023/04/2022_IIN_CL.pdf
A23: Cartón para líquidos | B23: 0.007 | C23: CONAMA-PUCV / Sector residencial RM | D23: 2005 | E23: =$B$9*B23 -> 0.0024775377 | F23: =E23*$B$5 -> 1389.143 | G23: https://metadatos.mma.gob.cl/sinia/articles-39508_pdf_informeF.pdf
A24: TOTAL CINCO MATERIALES | B24: =SUM(B19:B23) -> 0.285 | E24: =SUM(E19:E23) -> 0.10087118 | F24: =SUM(F19:F23) -> 56557.965
A27: METODOLOGÍA Y LIMITACIONES PARA EL REPORTE DEL EQUIPO
A28: Alcance: las 710 filas (142 sectores x 5 materiales) en Generacion fueron completadas. No se alteraron las 15 hojas originales restantes.
A29: Fórmula: g_m = (RSD_2023 / P_instancia) x q_m; RSD_2023=198.449 ton (suma mensual) y P_instancia=560.695 hab.
A30: La misma tasa per cápita de cada material se aplica a todos los sectores; las cantidades totales difieren según la población sectorial.
A31: La generación total se aproxima a partir de residuos domiciliarios RECOLECTADOS. No equivale a generación medida de envases elegibles.
A32: Composición: porcentajes regionales SUBDERE 2017 para papel-cartón, plástico, vidrio y metales. Tetrapack = 0,70 % de CONAMA-PUCV residencial 2005.
A33: Los valores de composición son supuestos respaldados por caracterizaciones históricas de la RM, NO mediciones comunales de 2023.
A34: Papel/cartón y Tetrapack se separan como categorías diferentes. Al mezclar dos caracterizaciones distintas subsiste incertidumbre metodológica.
A35: Discrepancia: el total 2023 citado previamente es 198.446 ton y la suma de las cifras mensuales anotadas es 198.449 ton (3 ton). Verificar descarga municipal.
A36: La hoja Semanas queda intacta. Sus 52 fracciones suman 1; NO aplicar nuevamente un factor adicional de verano.
A37: IMPORTANTE: tasa per cápita ajustada a población georreferenciada de 2024; NO publicitarla como tasa oficial per cápita observada para 2023.
A38: Valores de Generacion son NÚMEROS y no fórmulas para facilitar lectura desde código externo; las fórmulas de respaldo están en esta hoja.
... A43: ENLACES Y DOCUMENTOS PARA TRAZABILIDAD
A44: Residuos 2023 | B44: Municipalidad de Puente Alto; serie mensual RSD 2023 | E44: https://datos.mpuentealto.cl/datasets/201106/residuos-solidos-domiciliarios-en-toneladas-enero-a-diciembre-2023/
A45: Composición regional 2017 | B45: MMA; Informe inventario GEI 2022, tabla 7-8 | E45: https://snichile.mma.gob.cl/wp-content/uploads/2023/04/2022_IIN_CL.pdf
A46: Tetrapack RM | B46: CONAMA-PUCV; estudio caracterización residencial, tabla 29 | E46: https://metadatos.mma.gob.cl/sinia/articles-39508_pdf_informeF.pdf
A47: Población de instancia | B47: 142 sectores del Excel original; documentación de compañero | E47: Archivo ICS1113-E3-texto-informe.md.pdf
A48: Estacionalidad | B48: 52 factores en hoja Semanas; investigación de compañero | E48: Archivo ICS1113-E3-texto-informe.md.pdf
