Workbook

Sheet LEEME
A1: hoja | B1: descripcion
A2: Sectores | B2: Un sector por fila (zona censal). macrozona: distrito al que pertenece (cada sector en una sola).
A3: Sitios (falta que el liu calcule contenedores por punto limpio, para poner bien la superficie para contenedores) | B3: Ubicaciones candidatas (incluye las actuales). macrozona: dónde está el sitio. superficie: espacio para contenedores.
A4: PuntosActuales | B4: Los puntos limpios que existen hoy, el sitio donde están y su nombre municipal (el mismo que usa DotacionActual).
A5: Materiales | B5: Las 5 categorías del DS 12. atractivo_no_reciclar: uN de cada material, calibrado en la hoja Calibracion con las toneladas 2023.
A6: TiposContenedor | B6: Opciones de compra: capacidad máxima nominal por volumen y densidad, limitada además por la carga del fabricante (100 %; sin margen operativo de 20 %).
A7: DotacionActual | B7: Dotación inicial ESTIMADA (no inventario histórico) por punto y material, usando el máximo semanal de los residuos recibidos en 2023 y el 100 % de la capacidad físicamente admisible; sin gasto de adquisición.
A8: Generacion | B8: Generación anual por habitante de cada material en cada sector.
A9: Semanas | B9: Una fila por semana del horizonte. fraccion_generacion: parte de la generación anual que ocurre esa semana. temporada solo se usa para gráficos.
A10: AtractivoSitios | B10: Pares sector–sitio con distancia euclidiana <= Dmax; atractivo exp(-beta·distancia). Base: Dmax=2 km, beta=0.5/km (calibrado con las toneladas 2023, ver Calibracion). Fuera del radio se omiten y su atractivo es 0.
A11: Alternativas | B11: Una fila por cada material que recibe cada alternativa de terceros.
A12: AtractivoAlternativas | B12: Pares sector–alternativa con distancia euclidiana <= Dmax; mismo beta y radio que AtractivoSitios. Fuera del radio se omiten y su atractivo es 0.
... A18: PARÁMETROS DE ATRACTIVO | B18: Valor / interpretación
A19: beta [1/km] | B19: 0.5
A20: Dmax [km] | B20: 2
A21: Representación | B21: Solo pares dentro del radio; todos los demás tienen atractivo cero y se omiten.
A22: Para cambiar Dmax | B22: Regenerar AtractivoSitios y AtractivoAlternativas desde Coordenadas (el cambio de celda no agrega filas).
A23: Calibracion | B23: Cálculo de uN por material según calibracion_uN.pdf: cada uN hace que el modelo logit reproduzca las toneladas 2023 de ese material en los 6 puntos que calibran. El código no lee esta hoja.

Sheet Sectores
A1: sector | B1: macrozona | C1: poblacion [hab]
A2: Z1 | B2: Sur Oriente | C2: 2849
A3: Z2 | B3: Sur Oriente | C3: 5671
A4: Z3 | B4: Sur Oriente | C4: 2170
A5: Z4 | B5: Sur Oriente | C5: 1868
A6: Z5 | B6: Sur Oriente | C6: 1511
A7: Z6 | B7: Sur Oriente | C7: 3068
A8: Z7 | B8: Norte Oriente | C8: 3975
A9: Z8 | B9: Norte Oriente | C9: 3739
A10: Z9 | B10: Norte Oriente | C10: 1825
A11: Z10 | B11: Norte Oriente | C11: 4171
A12: Z11 | B12: Norte Oriente | C12: 2572
A13: Z12 | B13: Norte Oriente | C13: 5622
... A143: Z142 | B143: Sur Oriente | C143: 4166

Sheet Sitios
A1: sitio | B1: macrozona | C1: superficie [m2]
A2: S1 | B2: Sur Poniente | C2: 420
A3: S2 | B3: Norte Oriente | C3: 480
A4: S3 | B4: Norte Poniente | C4: 640
A5: S4 | B5: Sur Poniente | C5: 440
A6: S5 | B6: Norte Oriente | C6: 490
A7: S6 | B7: Sur Poniente | C7: 500
A8: S7 | B8: Sur Poniente | C8: 640
A9: S8 | B9: Sur Oriente | C9: 550
A10: S9 | B10: Sur Oriente | C10: 420
A11: S10 | B11: Norte Poniente | C11: 440
A12: S11 | B12: Sur Oriente | C12: 540
A13: S12 | B13: Norte Poniente | C13: 450
... A21: S20 | B21: Norte Poniente | C21: 560

Sheet PuntosActuales
A1: punto | B1: sitio_actual | C1: nombre_sitio_actual
A2: P1 | B2: S1 | C2: Juan de Dios Malebrán
A3: P2 | B3: S2 | C3: Los Toros
A4: P3 | B4: S3 | C4: Creta
A5: P4 | B5: S4 | C5: Los Evangelistas
A6: P5 | B6: S5 | C6: Don Ramón
A7: P6 | B7: S6 | C7: Madre Tierra
A8: P7 | B8: S7 | C8: Santa Faustina

Sheet Materiales
A1: material | B1: atractivo_no_reciclar [-]
A2: papel_carton | B2: =Calibracion!$AD$4 -> 225.37263
A3: plastico | B3: =Calibracion!$AE$4 -> 679.79179
A4: vidrio | B4: =Calibracion!$AF$4 -> 40.933046
A5: metal | B5: =Calibracion!$AG$4 -> 202.60371
A6: carton_liquidos | B6: =Calibracion!$AH$4 -> 228.68973

Sheet TiposContenedor
A1: tipo | B1: material | C1: capacidad [ton/cont] | D1: superficie [m2/cont] | E1: costo_compra [CLP/cont] | F1: costo_mantencion [CLP/cont/año]
A2: PC_770 | B2: papel_carton | C2: 0.055055 | D2: 1.0164 | E2: 442150 | F2: =ROUND(E2*Costos!$B$5,0) -> 22108
A3: PC_1100 | B3: papel_carton | C3: 0.07865 | D3: 1.4659 | E3: 527043 | F3: =ROUND(E3*Costos!$B$5,0) -> 26352
A4: PL_240 | B4: plastico | C4: 0.0096 | D4: 0.42703 | E4: 96334 | F4: =ROUND(E4*Costos!$B$5,0) -> 4817
A5: PL_770 | B5: plastico | C5: 0.0308 | D5: 1.0164 | E5: 442150 | F5: =ROUND(E5*Costos!$B$5,0) -> 22108
A6: PL_1100 | B6: plastico | C6: 0.044 | D6: 1.4659 | E6: 527043 | F6: =ROUND(E6*Costos!$B$5,0) -> 26352
A7: VI_240 | B7: vidrio | C7: 0.096 | D7: 0.42703 | E7: 96334 | F7: =ROUND(E7*Costos!$B$5,0) -> 4817
A8: VI_3000 | B8: vidrio | C8: 1.5 | D8: 2.64 | E8: 1500000 | F8: =ROUND(E8*Costos!$B$5,0) -> 75000
A9: ME_240 | B9: metal | C9: 0.00864 | D9: 0.42703 | E9: 96334 | F9: =ROUND(E9*Costos!$B$5,0) -> 4817
A10: ME_770 | B10: metal | C10: 0.02772 | D10: 1.0164 | E10: 442150 | F10: =ROUND(E10*Costos!$B$5,0) -> 22108
A11: CL_770 | B11: carton_liquidos | C11: 0.02002 | D11: 1.0164 | E11: 442150 | F11: =ROUND(E11*Costos!$B$5,0) -> 22108
A12: CL_1100 | B12: carton_liquidos | C12: 0.0286 | D12: 1.4659 | E12: 527043 | F12: =ROUND(E12*Costos!$B$5,0) -> 26352

Sheet DotacionActual
A1: punto | B1: tipo_existente | C1: material | D1: cantidad [cont/punto] | E1: capacidad_util [ton/cont] | F1: superficie [m2/cont]
A2: Los Toros | B2: EX_JAULA_PC_6400 | C2: papel_carton | D2: 1 | E2: 0.4576 | F2: 3.2
A3: Los Toros | B3: EX_PL_770 | C3: plastico | D3: 4 | E3: 0.0308 | F3: 1.0608
A4: Los Toros | B4: EX_VI_CAMP_3000 | C4: vidrio | D4: 1 | E4: 1.5 | F4: 2.64
A5: Los Toros | B5: EX_ME_770 | C5: metal | D5: 1 | E5: 0.045845816 | F5: 1.0608
A6: Los Toros | B6: EX_CL_770 | C6: carton_liquidos | D6: 2 | E6: 0.02002 | F6: 1.0608
A7: Juan de Dios Malebrán | B7: EX_JAULA_PC_6400 | C7: papel_carton | D7: 1 | E7: 0.4576 | F7: 3.2
A8: Juan de Dios Malebrán | B8: EX_PL_770 | C8: plastico | D8: 5 | E8: 0.0308 | F8: 1.0608
A9: Juan de Dios Malebrán | B9: EX_VI_CAMP_3000 | C9: vidrio | D9: 1 | E9: 1.5 | F9: 2.64
A10: Juan de Dios Malebrán | B10: EX_ME_770 | C10: metal | D10: 1 | E10: 0.044412934 | F10: 1.0608
A11: Juan de Dios Malebrán | B11: EX_CL_770 | C11: carton_liquidos | D11: 2 | E11: 0.02002 | F11: 1.0608
A12: Creta | B12: EX_JAULA_PC_6400 | C12: papel_carton | D12: 1 | E12: 0.4576 | F12: 3.2
A13: Creta | B13: EX_PL_770 | C13: plastico | D13: 2 | E13: 0.0308 | F13: 1.0608
... A36: Los Evangelistas | B36: EX_CL_770 | C36: carton_liquidos | D36: 1 | E36: 0.02002 | F36: 1.0608

Sheet Generacion
A1: sector | B1: material | C1: generacion [ton/hab/año]
A2: Z1 | B2: papel_carton | C2: 0.043533877
A3: Z1 | B3: plastico | C3: 0.037870933
A4: Z1 | B4: vidrio | C4: 0.01344949
A5: Z1 | B5: metal | C5: 0.0035393396
A6: Z1 | B6: carton_liquidos | C6: 0.0024775377
A7: Z2 | B7: papel_carton | C7: 0.043533877
A8: Z2 | B8: plastico | C8: 0.037870933
A9: Z2 | B9: vidrio | C9: 0.01344949
A10: Z2 | B10: metal | C10: 0.0035393396
A11: Z2 | B11: carton_liquidos | C11: 0.0024775377
A12: Z3 | B12: papel_carton | C12: 0.043533877
A13: Z3 | B13: plastico | C13: 0.037870933
... A711: Z142 | B711: carton_liquidos | C711: 0.0024775377

Sheet Semanas
A1: semana | B1: temporada | C1: fraccion_generacion [-]
A2: 1 | B2: verano | C2: 0.02351
A3: 2 | B3: verano | C3: 0.02351
A4: 3 | B4: verano | C4: 0.02351
A5: 4 | B5: verano | C5: 0.02351
A6: 5 | B6: verano | C6: 0.01947
A7: 6 | B7: verano | C7: 0.01644
A8: 7 | B8: verano | C8: 0.01644
A9: 8 | B9: verano | C9: 0.01644
A10: 9 | B10: verano | C10: 0.01777
A11: 10 | B11: resto | C11: 0.01878
A12: 11 | B12: resto | C12: 0.01878
A13: 12 | B13: resto | C13: 0.01878
... A53: 52 | B53: verano | C53: 0.02583

Sheet AtractivoSitios
A1: sector | B1: sitio | C1: atractivo [-]
A2: Z1 | B2: S9 | C2: =IF(SQRT((Coordenadas!$C$2-Coordenadas!$C$152)^2+(Coordenadas!$D$2-Coordenadas!$D$152)^2)<=LEEME!$B$20,EXP(-LEEME!$B$19*SQRT((Coordenadas!$C$2-Coordenadas!$C$152)^2+(Coordenadas!$D$2-Coordenadas!$D$152)^2)),0) -> 0.46294543
A3: Z1 | B3: S11 | C3: =IF(SQRT((Coordenadas!$C$2-Coordenadas!$C$154)^2+(Coordenadas!$D$2-Coordenadas!$D$154)^2)<=LEEME!$B$20,EXP(-LEEME!$B$19*SQRT((Coordenadas!$C$2-Coordenadas!$C$154)^2+(Coordenadas!$D$2-Coordenadas!$D$154)^2)),0) -> 0.43615439
A4: Z1 | B4: S15 | C4: =IF(SQRT((Coordenadas!$C$2-Coordenadas!$C$158)^2+(Coordenadas!$D$2-Coordenadas!$D$158)^2)<=LEEME!$B$20,EXP(-LEEME!$B$19*SQRT((Coordenadas!$C$2-Coordenadas!$C$158)^2+(Coordenadas!$D$2-Coordenadas!$D$158)^2)),0) -> 0.62262286
A5: Z1 | B5: S17 | C5: =IF(SQRT((Coordenadas!$C$2-Coordenadas!$C$160)^2+(Coordenadas!$D$2-Coordenadas!$D$160)^2)<=LEEME!$B$20,EXP(-LEEME!$B$19*SQRT((Coordenadas!$C$2-Coordenadas!$C$160)^2+(Coordenadas!$D$2-Coordenadas!$D$160)^2)),0) -> 0.67567309
A6: Z2 | B6: S9 | C6: =IF(SQRT((Coordenadas!$C$3-Coordenadas!$C$152)^2+(Coordenadas!$D$3-Coordenadas!$D$152)^2)<=LEEME!$B$20,EXP(-LEEME!$B$19*SQRT((Coordenadas!$C$3-Coordenadas!$C$152)^2+(Coordenadas!$D$3-Coordenadas!$D$152)^2)),0) -> 0.57119631
A7: Z2 | B7: S11 | C7: =IF(SQRT((Coordenadas!$C$3-Coordenadas!$C$154)^2+(Coordenadas!$D$3-Coordenadas!$D$154)^2)<=LEEME!$B$20,EXP(-LEEME!$B$19*SQRT((Coordenadas!$C$3-Coordenadas!$C$154)^2+(Coordenadas!$D$3-Coordenadas!$D$154)^2)),0) -> 0.45358644
A8: Z2 | B8: S15 | C8: =IF(SQRT((Coordenadas!$C$3-Coordenadas!$C$158)^2+(Coordenadas!$D$3-Coordenadas!$D$158)^2)<=LEEME!$B$20,EXP(-LEEME!$B$19*SQRT((Coordenadas!$C$3-Coordenadas!$C$158)^2+(Coordenadas!$D$3-Coordenadas!$D$158)^2)),0) -> 0.56857402
A9: Z2 | B9: S17 | C9: =IF(SQRT((Coordenadas!$C$3-Coordenadas!$C$160)^2+(Coordenadas!$D$3-Coordenadas!$D$160)^2)<=LEEME!$B$20,EXP(-LEEME!$B$19*SQRT((Coordenadas!$C$3-Coordenadas!$C$160)^2+(Coordenadas!$D$3-Coordenadas!$D$160)^2)),0) -> 0.59497839
A10: Z3 | B10: S1 | C10: =IF(SQRT((Coordenadas!$C$4-Coordenadas!$C$144)^2+(Coordenadas!$D$4-Coordenadas!$D$144)^2)<=LEEME!$B$20,EXP(-LEEME!$B$19*SQRT((Coordenadas!$C$4-Coordenadas!$C$144)^2+(Coordenadas!$D$4-Coordenadas!$D$144)^2)),0) -> 0.48153799
A11: Z3 | B11: S11 | C11: =IF(SQRT((Coordenadas!$C$4-Coordenadas!$C$154)^2+(Coordenadas!$D$4-Coordenadas!$D$154)^2)<=LEEME!$B$20,EXP(-LEEME!$B$19*SQRT((Coordenadas!$C$4-Coordenadas!$C$154)^2+(Coordenadas!$D$4-Coordenadas!$D$154)^2)),0) -> 0.63699155
A12: Z3 | B12: S15 | C12: =IF(SQRT((Coordenadas!$C$4-Coordenadas!$C$158)^2+(Coordenadas!$D$4-Coordenadas!$D$158)^2)<=LEEME!$B$20,EXP(-LEEME!$B$19*SQRT((Coordenadas!$C$4-Coordenadas!$C$158)^2+(Coordenadas!$D$4-Coordenadas!$D$158)^2)),0) -> 0.37234772
A13: Z3 | B13: S17 | C13: =IF(SQRT((Coordenadas!$C$4-Coordenadas!$C$160)^2+(Coordenadas!$D$4-Coordenadas!$D$160)^2)<=LEEME!$B$20,EXP(-LEEME!$B$19*SQRT((Coordenadas!$C$4-Coordenadas!$C$160)^2+(Coordenadas!$D$4-Coordenadas!$D$160)^2)),0) -> 0.83161067
A14: Z3 | B14: S20 | C14: =IF(SQRT((Coordenadas!$C$4-Coordenadas!$C$163)^2+(Coordenadas!$D$4-Coordenadas!$D$163)^2)<=LEEME!$B$20,EXP(-LEEME!$B$19*SQRT((Coordenadas!$C$4-Coordenadas!$C$163)^2+(Coordenadas!$D$4-Coordenadas!$D$163)^2)),0) -> 0.47401075
A15: Z4 | B15: S1 | C15: =IF(SQRT((Coordenadas!$C$5-Coordenadas!$C$144)^2+(Coordenadas!$D$5-Coordenadas!$D$144)^2)<=LEEME!$B$20,EXP(-LEEME!$B$19*SQRT((Coordenadas!$C$5-Coordenadas!$C$144)^2+(Coordenadas!$D$5-Coordenadas!$D$144)^2)),0) -> 0.3827932
A16: Z4 | B16: S9 | C16: =IF(SQRT((Coordenadas!$C$5-Coordenadas!$C$152)^2+(Coordenadas!$D$5-Coordenadas!$D$152)^2)<=LEEME!$B$20,EXP(-LEEME!$B$19*SQRT((Coordenadas!$C$5-Coordenadas!$C$152)^2+(Coordenadas!$D$5-Coordenadas!$D$152)^2)),0) -> 0.40624242
A17: Z4 | B17: S11 | C17: =IF(SQRT((Coordenadas!$C$5-Coordenadas!$C$154)^2+(Coordenadas!$D$5-Coordenadas!$D$154)^2)<=LEEME!$B$20,EXP(-LEEME!$B$19*SQRT((Coordenadas!$C$5-Coordenadas!$C$154)^2+(Coordenadas!$D$5-Coordenadas!$D$154)^2)),0) -> 0.51469931
A18: Z4 | B18: S15 | C18: =IF(SQRT((Coordenadas!$C$5-Coordenadas!$C$158)^2+(Coordenadas!$D$5-Coordenadas!$D$158)^2)<=LEEME!$B$20,EXP(-LEEME!$B$19*SQRT((Coordenadas!$C$5-Coordenadas!$C$158)^2+(Coordenadas!$D$5-Coordenadas!$D$158)^2)),0) -> 0.50616117
A19: Z4 | B19: S17 | C19: =IF(SQRT((Coordenadas!$C$5-Coordenadas!$C$160)^2+(Coordenadas!$D$5-Coordenadas!$D$160)^2)<=LEEME!$B$20,EXP(-LEEME!$B$19*SQRT((Coordenadas!$C$5-Coordenadas!$C$160)^2+(Coordenadas!$D$5-Coordenadas!$D$160)^2)),0) -> 0.85641518
A20: Z4 | B20: S20 | C20: =IF(SQRT((Coordenadas!$C$5-Coordenadas!$C$163)^2+(Coordenadas!$D$5-Coordenadas!$D$163)^2)<=LEEME!$B$20,EXP(-LEEME!$B$19*SQRT((Coordenadas!$C$5-Coordenadas!$C$163)^2+(Coordenadas!$D$5-Coordenadas!$D$163)^2)),0) -> 0.42095422
A21: Z5 | B21: S9 | C21: =IF(SQRT((Coordenadas!$C$6-Coordenadas!$C$152)^2+(Coordenadas!$D$6-Coordenadas!$D$152)^2)<=LEEME!$B$20,EXP(-LEEME!$B$19*SQRT((Coordenadas!$C$6-Coordenadas!$C$152)^2+(Coordenadas!$D$6-Coordenadas!$D$152)^2)),0) -> 0.45084416
A22: Z5 | B22: S11 | C22: =IF(SQRT((Coordenadas!$C$6-Coordenadas!$C$154)^2+(Coordenadas!$D$6-Coordenadas!$D$154)^2)<=LEEME!$B$20,EXP(-LEEME!$B$19*SQRT((Coordenadas!$C$6-Coordenadas!$C$154)^2+(Coordenadas!$D$6-Coordenadas!$D$154)^2)),0) -> 0.5933236
A23: Z5 | B23: S15 | C23: =IF(SQRT((Coordenadas!$C$6-Coordenadas!$C$158)^2+(Coordenadas!$D$6-Coordenadas!$D$158)^2)<=LEEME!$B$20,EXP(-LEEME!$B$19*SQRT((Coordenadas!$C$6-Coordenadas!$C$158)^2+(Coordenadas!$D$6-Coordenadas!$D$158)^2)),0) -> 0.45615602
A24: Z5 | B24: S17 | C24: =IF(SQRT((Coordenadas!$C$6-Coordenadas!$C$160)^2+(Coordenadas!$D$6-Coordenadas!$D$160)^2)<=LEEME!$B$20,EXP(-LEEME!$B$19*SQRT((Coordenadas!$C$6-Coordenadas!$C$160)^2+(Coordenadas!$D$6-Coordenadas!$D$160)^2)),0) -> 0.79179532
A25: Z5 | B25: S20 | C25: =IF(SQRT((Coordenadas!$C$6-Coordenadas!$C$163)^2+(Coordenadas!$D$6-Coordenadas!$D$163)^2)<=LEEME!$B$20,EXP(-LEEME!$B$19*SQRT((Coordenadas!$C$6-Coordenadas!$C$163)^2+(Coordenadas!$D$6-Coordenadas!$D$163)^2)),0) -> 0.38031816
A26: Z6 | B26: S9 | C26: =IF(SQRT((Coordenadas!$C$7-Coordenadas!$C$152)^2+(Coordenadas!$D$7-Coordenadas!$D$152)^2)<=LEEME!$B$20,EXP(-LEEME!$B$19*SQRT((Coordenadas!$C$7-Coordenadas!$C$152)^2+(Coordenadas!$D$7-Coordenadas!$D$152)^2)),0) -> 0.50982696
A27: Z6 | B27: S11 | C27: =IF(SQRT((Coordenadas!$C$7-Coordenadas!$C$154)^2+(Coordenadas!$D$7-Coordenadas!$D$154)^2)<=LEEME!$B$20,EXP(-LEEME!$B$19*SQRT((Coordenadas!$C$7-Coordenadas!$C$154)^2+(Coordenadas!$D$7-Coordenadas!$D$154)^2)),0) -> 0.3688338
A28: Z6 | B28: S15 | C28: =IF(SQRT((Coordenadas!$C$7-Coordenadas!$C$158)^2+(Coordenadas!$D$7-Coordenadas!$D$158)^2)<=LEEME!$B$20,EXP(-LEEME!$B$19*SQRT((Coordenadas!$C$7-Coordenadas!$C$158)^2+(Coordenadas!$D$7-Coordenadas!$D$158)^2)),0) -> 0.70729893
A29: Z6 | B29: S17 | C29: =IF(SQRT((Coordenadas!$C$7-Coordenadas!$C$160)^2+(Coordenadas!$D$7-Coordenadas!$D$160)^2)<=LEEME!$B$20,EXP(-LEEME!$B$19*SQRT((Coordenadas!$C$7-Coordenadas!$C$160)^2+(Coordenadas!$D$7-Coordenadas!$D$160)^2)),0) -> 0.53954495
A30: Z7 | B30: S2 | C30: =IF(SQRT((Coordenadas!$C$8-Coordenadas!$C$145)^2+(Coordenadas!$D$8-Coordenadas!$D$145)^2)<=LEEME!$B$20,EXP(-LEEME!$B$19*SQRT((Coordenadas!$C$8-Coordenadas!$C$145)^2+(Coordenadas!$D$8-Coordenadas!$D$145)^2)),0) -> 0.37898048
A31: Z7 | B31: S13 | C31: =IF(SQRT((Coordenadas!$C$8-Coordenadas!$C$156)^2+(Coordenadas!$D$8-Coordenadas!$D$156)^2)<=LEEME!$B$20,EXP(-LEEME!$B$19*SQRT((Coordenadas!$C$8-Coordenadas!$C$156)^2+(Coordenadas!$D$8-Coordenadas!$D$156)^2)),0) -> 0.8436028
A32: Z8 | B32: S2 | C32: =IF(SQRT((Coordenadas!$C$9-Coordenadas!$C$145)^2+(Coordenadas!$D$9-Coordenadas!$D$145)^2)<=LEEME!$B$20,EXP(-LEEME!$B$19*SQRT((Coordenadas!$C$9-Coordenadas!$C$145)^2+(Coordenadas!$D$9-Coordenadas!$D$145)^2)),0) -> 0.42147184
A33: Z8 | B33: S13 | C33: =IF(SQRT((Coordenadas!$C$9-Coordenadas!$C$156)^2+(Coordenadas!$D$9-Coordenadas!$D$156)^2)<=LEEME!$B$20,EXP(-LEEME!$B$19*SQRT((Coordenadas!$C$9-Coordenadas!$C$156)^2+(Coordenadas!$D$9-Coordenadas!$D$156)^2)),0) -> 0.39053436
A34: Z9 | B34: S2 | C34: =IF(SQRT((Coordenadas!$C$10-Coordenadas!$C$145)^2+(Coordenadas!$D$10-Coordenadas!$D$145)^2)<=LEEME!$B$20,EXP(-LEEME!$B$19*SQRT((Coordenadas!$C$10-Coordenadas!$C$145)^2+(Coordenadas!$D$10-Coordenadas!$D$145)^2)),0) -> 0.51012989
A35: Z9 | B35: S5 | C35: =IF(SQRT((Coordenadas!$C$10-Coordenadas!$C$148)^2+(Coordenadas!$D$10-Coordenadas!$D$148)^2)<=LEEME!$B$20,EXP(-LEEME!$B$19*SQRT((Coordenadas!$C$10-Coordenadas!$C$148)^2+(Coordenadas!$D$10-Coordenadas!$D$148)^2)),0) -> 0.5520382
A36: Z10 | B36: S2 | C36: =IF(SQRT((Coordenadas!$C$11-Coordenadas!$C$145)^2+(Coordenadas!$D$11-Coordenadas!$D$145)^2)<=LEEME!$B$20,EXP(-LEEME!$B$19*SQRT((Coordenadas!$C$11-Coordenadas!$C$145)^2+(Coordenadas!$D$11-Coordenadas!$D$145)^2)),0) -> 0.53102327
A37: Z10 | B37: S13 | C37: =IF(SQRT((Coordenadas!$C$11-Coordenadas!$C$156)^2+(Coordenadas!$D$11-Coordenadas!$D$156)^2)<=LEEME!$B$20,EXP(-LEEME!$B$19*SQRT((Coordenadas!$C$11-Coordenadas!$C$156)^2+(Coordenadas!$D$11-Coordenadas!$D$156)^2)),0) -> 0.82777775
A38: Z11 | B38: S2 | C38: =IF(SQRT((Coordenadas!$C$12-Coordenadas!$C$145)^2+(Coordenadas!$D$12-Coordenadas!$D$145)^2)<=LEEME!$B$20,EXP(-LEEME!$B$19*SQRT((Coordenadas!$C$12-Coordenadas!$C$145)^2+(Coordenadas!$D$12-Coordenadas!$D$145)^2)),0) -> 0.76924544
A39: Z11 | B39: S13 | C39: =IF(SQRT((Coordenadas!$C$12-Coordenadas!$C$156)^2+(Coordenadas!$D$12-Coordenadas!$D$156)^2)<=LEEME!$B$20,EXP(-LEEME!$B$19*SQRT((Coordenadas!$C$12-Coordenadas!$C$156)^2+(Coordenadas!$D$12-Coordenadas!$D$156)^2)),0) -> 0.56412879
A40: Z12 | B40: S2 | C40: =IF(SQRT((Coordenadas!$C$13-Coordenadas!$C$145)^2+(Coordenadas!$D$13-Coordenadas!$D$145)^2)<=LEEME!$B$20,EXP(-LEEME!$B$19*SQRT((Coordenadas!$C$13-Coordenadas!$C$145)^2+(Coordenadas!$D$13-Coordenadas!$D$145)^2)),0) -> 0.48081444
A41: Z12 | B41: S5 | C41: =IF(SQRT((Coordenadas!$C$13-Coordenadas!$C$148)^2+(Coordenadas!$D$13-Coordenadas!$D$148)^2)<=LEEME!$B$20,EXP(-LEEME!$B$19*SQRT((Coordenadas!$C$13-Coordenadas!$C$148)^2+(Coordenadas!$D$13-Coordenadas!$D$148)^2)),0) -> 0.37526802
A42: Z13 | B42: S2 | C42: =IF(SQRT((Coordenadas!$C$14-Coordenadas!$C$145)^2+(Coordenadas!$D$14-Coordenadas!$D$145)^2)<=LEEME!$B$20,EXP(-LEEME!$B$19*SQRT((Coordenadas!$C$14-Coordenadas!$C$145)^2+(Coordenadas!$D$14-Coordenadas!$D$145)^2)),0) -> 0.66419732
A43: Z13 | B43: S5 | C43: =IF(SQRT((Coordenadas!$C$14-Coordenadas!$C$148)^2+(Coordenadas!$D$14-Coordenadas!$D$148)^2)<=LEEME!$B$20,EXP(-LEEME!$B$19*SQRT((Coordenadas!$C$14-Coordenadas!$C$148)^2+(Coordenadas!$D$14-Coordenadas!$D$148)^2)),0) -> 0.45872215
A44: Z14 | B44: S2 | C44: =IF(SQRT((Coordenadas!$C$15-Coordenadas!$C$145)^2+(Coordenadas!$D$15-Coordenadas!$D$145)^2)<=LEEME!$B$20,EXP(-LEEME!$B$19*SQRT((Coordenadas!$C$15-Coordenadas!$C$145)^2+(Coordenadas!$D$15-Coordenadas!$D$145)^2)),0) -> 0.69923327
A45: Z14 | B45: S13 | C45: =IF(SQRT((Coordenadas!$C$15-Coordenadas!$C$156)^2+(Coordenadas!$D$15-Coordenadas!$D$156)^2)<=LEEME!$B$20,EXP(-LEEME!$B$19*SQRT((Coordenadas!$C$15-Coordenadas!$C$156)^2+(Coordenadas!$D$15-Coordenadas!$D$156)^2)),0) -> 0.44257824
A46: Z15 | B46: S2 | C46: =IF(SQRT((Coordenadas!$C$16-Coordenadas!$C$145)^2+(Coordenadas!$D$16-Coordenadas!$D$145)^2)<=LEEME!$B$20,EXP(-LEEME!$B$19*SQRT((Coordenadas!$C$16-Coordenadas!$C$145)^2+(Coordenadas!$D$16-Coordenadas!$D$145)^2)),0) -> 0.53431086
A47: Z15 | B47: S13 | C47: =IF(SQRT((Coordenadas!$C$16-Coordenadas!$C$156)^2+(Coordenadas!$D$16-Coordenadas!$D$156)^2)<=LEEME!$B$20,EXP(-LEEME!$B$19*SQRT((Coordenadas!$C$16-Coordenadas!$C$156)^2+(Coordenadas!$D$16-Coordenadas!$D$156)^2)),0) -> 0.6192351
A48: Z16 | B48: S5 | C48: =IF(SQRT((Coordenadas!$C$17-Coordenadas!$C$148)^2+(Coordenadas!$D$17-Coordenadas!$D$148)^2)<=LEEME!$B$20,EXP(-LEEME!$B$19*SQRT((Coordenadas!$C$17-Coordenadas!$C$148)^2+(Coordenadas!$D$17-Coordenadas!$D$148)^2)),0) -> 0.75254282
A49: Z16 | B49: S15 | C49: =IF(SQRT((Coordenadas!$C$17-Coordenadas!$C$158)^2+(Coordenadas!$D$17-Coordenadas!$D$158)^2)<=LEEME!$B$20,EXP(-LEEME!$B$19*SQRT((Coordenadas!$C$17-Coordenadas!$C$158)^2+(Coordenadas!$D$17-Coordenadas!$D$158)^2)),0) -> 0.61057395
A50: Z17 | B50: S5 | C50: =IF(SQRT((Coordenadas!$C$18-Coordenadas!$C$148)^2+(Coordenadas!$D$18-Coordenadas!$D$148)^2)<=LEEME!$B$20,EXP(-LEEME!$B$19*SQRT((Coordenadas!$C$18-Coordenadas!$C$148)^2+(Coordenadas!$D$18-Coordenadas!$D$148)^2)),0) -> 0.52544696
A51: Z17 | B51: S15 | C51: =IF(SQRT((Coordenadas!$C$18-Coordenadas!$C$158)^2+(Coordenadas!$D$18-Coordenadas!$D$158)^2)<=LEEME!$B$20,EXP(-LEEME!$B$19*SQRT((Coordenadas!$C$18-Coordenadas!$C$158)^2+(Coordenadas!$D$18-Coordenadas!$D$158)^2)),0) -> 0.56625846
A52: Z18 | B52: S5 | C52: =IF(SQRT((Coordenadas!$C$19-Coordenadas!$C$148)^2+(Coordenadas!$D$19-Coordenadas!$D$148)^2)<=LEEME!$B$20,EXP(-LEEME!$B$19*SQRT((Coordenadas!$C$19-Coordenadas!$C$148)^2+(Coordenadas!$D$19-Coordenadas!$D$148)^2)),0) -> 0.46858384
A53: Z18 | B53: S15 | C53: =IF(SQRT((Coordenadas!$C$19-Coordenadas!$C$158)^2+(Coordenadas!$D$19-Coordenadas!$D$158)^2)<=LEEME!$B$20,EXP(-LEEME!$B$19*SQRT((Coordenadas!$C$19-Coordenadas!$C$158)^2+(Coordenadas!$D$19-Coordenadas!$D$158)^2)),0) -> 0.68841523
A54: Z19 | B54: S9 | C54: =IF(SQRT((Coordenadas!$C$20-Coordenadas!$C$152)^2+(Coordenadas!$D$20-Coordenadas!$D$152)^2)<=LEEME!$B$20,EXP(-LEEME!$B$19*SQRT((Coordenadas!$C$20-Coordenadas!$C$152)^2+(Coordenadas!$D$20-Coordenadas!$D$152)^2)),0) -> 0.48240471
A55: Z19 | B55: S15 | C55: =IF(SQRT((Coordenadas!$C$20-Coordenadas!$C$158)^2+(Coordenadas!$D$20-Coordenadas!$D$158)^2)<=LEEME!$B$20,EXP(-LEEME!$B$19*SQRT((Coordenadas!$C$20-Coordenadas!$C$158)^2+(Coordenadas!$D$20-Coordenadas!$D$158)^2)),0) -> 0.5773567
A56: Z20 | B56: S8 | C56: =IF(SQRT((Coordenadas!$C$21-Coordenadas!$C$151)^2+(Coordenadas!$D$21-Coordenadas!$D$151)^2)<=LEEME!$B$20,EXP(-LEEME!$B$19*SQRT((Coordenadas!$C$21-Coordenadas!$C$151)^2+(Coordenadas!$D$21-Coordenadas!$D$151)^2)),0) -> 0.77116283
A57: Z21 | B57: S8 | C57: =IF(SQRT((Coordenadas!$C$22-Coordenadas!$C$151)^2+(Coordenadas!$D$22-Coordenadas!$D$151)^2)<=LEEME!$B$20,EXP(-LEEME!$B$19*SQRT((Coordenadas!$C$22-Coordenadas!$C$151)^2+(Coordenadas!$D$22-Coordenadas!$D$151)^2)),0) -> 0.96170142
A58: Z22 | B58: S8 | C58: =IF(SQRT((Coordenadas!$C$23-Coordenadas!$C$151)^2+(Coordenadas!$D$23-Coordenadas!$D$151)^2)<=LEEME!$B$20,EXP(-LEEME!$B$19*SQRT((Coordenadas!$C$23-Coordenadas!$C$151)^2+(Coordenadas!$D$23-Coordenadas!$D$151)^2)),0) -> 0.66956742
A59: Z23 | B59: S8 | C59: =IF(SQRT((Coordenadas!$C$24-Coordenadas!$C$151)^2+(Coordenadas!$D$24-Coordenadas!$D$151)^2)<=LEEME!$B$20,EXP(-LEEME!$B$19*SQRT((Coordenadas!$C$24-Coordenadas!$C$151)^2+(Coordenadas!$D$24-Coordenadas!$D$151)^2)),0) -> 0.50541915
A60: Z25 | B60: S5 | C60: =IF(SQRT((Coordenadas!$C$26-Coordenadas!$C$148)^2+(Coordenadas!$D$26-Coordenadas!$D$148)^2)<=LEEME!$B$20,EXP(-LEEME!$B$19*SQRT((Coordenadas!$C$26-Coordenadas!$C$148)^2+(Coordenadas!$D$26-Coordenadas!$D$148)^2)),0) -> 0.41234728
A61: Z25 | B61: S15 | C61: =IF(SQRT((Coordenadas!$C$26-Coordenadas!$C$158)^2+(Coordenadas!$D$26-Coordenadas!$D$158)^2)<=LEEME!$B$20,EXP(-LEEME!$B$19*SQRT((Coordenadas!$C$26-Coordenadas!$C$158)^2+(Coordenadas!$D$26-Coordenadas!$D$158)^2)),0) -> 0.41812863
A62: Z26 | B62: S9 | C62: =IF(SQRT((Coordenadas!$C$27-Coordenadas!$C$152)^2+(Coordenadas!$D$27-Coordenadas!$D$152)^2)<=LEEME!$B$20,EXP(-LEEME!$B$19*SQRT((Coordenadas!$C$27-Coordenadas!$C$152)^2+(Coordenadas!$D$27-Coordenadas!$D$152)^2)),0) -> 0.42275656
A63: Z26 | B63: S11 | C63: =IF(SQRT((Coordenadas!$C$27-Coordenadas!$C$154)^2+(Coordenadas!$D$27-Coordenadas!$D$154)^2)<=LEEME!$B$20,EXP(-LEEME!$B$19*SQRT((Coordenadas!$C$27-Coordenadas!$C$154)^2+(Coordenadas!$D$27-Coordenadas!$D$154)^2)),0) -> 0.80579313
A64: Z26 | B64: S16 | C64: =IF(SQRT((Coordenadas!$C$27-Coordenadas!$C$159)^2+(Coordenadas!$D$27-Coordenadas!$D$159)^2)<=LEEME!$B$20,EXP(-LEEME!$B$19*SQRT((Coordenadas!$C$27-Coordenadas!$C$159)^2+(Coordenadas!$D$27-Coordenadas!$D$159)^2)),0) -> 0.56003114
A65: Z26 | B65: S17 | C65: =IF(SQRT((Coordenadas!$C$27-Coordenadas!$C$160)^2+(Coordenadas!$D$27-Coordenadas!$D$160)^2)<=LEEME!$B$20,EXP(-LEEME!$B$19*SQRT((Coordenadas!$C$27-Coordenadas!$C$160)^2+(Coordenadas!$D$27-Coordenadas!$D$160)^2)),0) -> 0.47235868
A66: Z27 | B66: S9 | C66: =IF(SQRT((Coordenadas!$C$28-Coordenadas!$C$152)^2+(Coordenadas!$D$28-Coordenadas!$D$152)^2)<=LEEME!$B$20,EXP(-LEEME!$B$19*SQRT((Coordenadas!$C$28-Coordenadas!$C$152)^2+(Coordenadas!$D$28-Coordenadas!$D$152)^2)),0) -> 0.53388507
A67: Z27 | B67: S11 | C67: =IF(SQRT((Coordenadas!$C$28-Coordenadas!$C$154)^2+(Coordenadas!$D$28-Coordenadas!$D$154)^2)<=LEEME!$B$20,EXP(-LEEME!$B$19*SQRT((Coordenadas!$C$28-Coordenadas!$C$154)^2+(Coordenadas!$D$28-Coordenadas!$D$154)^2)),0) -> 0.67453471
A68: Z27 | B68: S16 | C68: =IF(SQRT((Coordenadas!$C$28-Coordenadas!$C$159)^2+(Coordenadas!$D$28-Coordenadas!$D$159)^2)<=LEEME!$B$20,EXP(-LEEME!$B$19*SQRT((Coordenadas!$C$28-Coordenadas!$C$159)^2+(Coordenadas!$D$28-Coordenadas!$D$159)^2)),0) -> 0.4792121
A69: Z27 | B69: S17 | C69: =IF(SQRT((Coordenadas!$C$28-Coordenadas!$C$160)^2+(Coordenadas!$D$28-Coordenadas!$D$160)^2)<=LEEME!$B$20,EXP(-LEEME!$B$19*SQRT((Coordenadas!$C$28-Coordenadas!$C$160)^2+(Coordenadas!$D$28-Coordenadas!$D$160)^2)),0) -> 0.47482991
A70: Z28 | B70: S9 | C70: =IF(SQRT((Coordenadas!$C$29-Coordenadas!$C$152)^2+(Coordenadas!$D$29-Coordenadas!$D$152)^2)<=LEEME!$B$20,EXP(-LEEME!$B$19*SQRT((Coordenadas!$C$29-Coordenadas!$C$152)^2+(Coordenadas!$D$29-Coordenadas!$D$152)^2)),0) -> 0.78560703
A71: Z28 | B71: S11 | C71: =IF(SQRT((Coordenadas!$C$29-Coordenadas!$C$154)^2+(Coordenadas!$D$29-Coordenadas!$D$154)^2)<=LEEME!$B$20,EXP(-LEEME!$B$19*SQRT((Coordenadas!$C$29-Coordenadas!$C$154)^2+(Coordenadas!$D$29-Coordenadas!$D$154)^2)),0) -> 0.47208333
A72: Z28 | B72: S15 | C72: =IF(SQRT((Coordenadas!$C$29-Coordenadas!$C$158)^2+(Coordenadas!$D$29-Coordenadas!$D$158)^2)<=LEEME!$B$20,EXP(-LEEME!$B$19*SQRT((Coordenadas!$C$29-Coordenadas!$C$158)^2+(Coordenadas!$D$29-Coordenadas!$D$158)^2)),0) -> 0.38765922
A73: Z28 | B73: S17 | C73: =IF(SQRT((Coordenadas!$C$29-Coordenadas!$C$160)^2+(Coordenadas!$D$29-Coordenadas!$D$160)^2)<=LEEME!$B$20,EXP(-LEEME!$B$19*SQRT((Coordenadas!$C$29-Coordenadas!$C$160)^2+(Coordenadas!$D$29-Coordenadas!$D$160)^2)),0) -> 0.44010965
A74: Z29 | B74: S9 | C74: =IF(SQRT((Coordenadas!$C$30-Coordenadas!$C$152)^2+(Coordenadas!$D$30-Coordenadas!$D$152)^2)<=LEEME!$B$20,EXP(-LEEME!$B$19*SQRT((Coordenadas!$C$30-Coordenadas!$C$152)^2+(Coordenadas!$D$30-Coordenadas!$D$152)^2)),0) -> 0.62840545
A75: Z29 | B75: S11 | C75: =IF(SQRT((Coordenadas!$C$30-Coordenadas!$C$154)^2+(Coordenadas!$D$30-Coordenadas!$D$154)^2)<=LEEME!$B$20,EXP(-LEEME!$B$19*SQRT((Coordenadas!$C$30-Coordenadas!$C$154)^2+(Coordenadas!$D$30-Coordenadas!$D$154)^2)),0) -> 0.58661567
A76: Z29 | B76: S16 | C76: =IF(SQRT((Coordenadas!$C$30-Coordenadas!$C$159)^2+(Coordenadas!$D$30-Coordenadas!$D$159)^2)<=LEEME!$B$20,EXP(-LEEME!$B$19*SQRT((Coordenadas!$C$30-Coordenadas!$C$159)^2+(Coordenadas!$D$30-Coordenadas!$D$159)^2)),0) -> 0.41316355
A77: Z29 | B77: S17 | C77: =IF(SQRT((Coordenadas!$C$30-Coordenadas!$C$160)^2+(Coordenadas!$D$30-Coordenadas!$D$160)^2)<=LEEME!$B$20,EXP(-LEEME!$B$19*SQRT((Coordenadas!$C$30-Coordenadas!$C$160)^2+(Coordenadas!$D$30-Coordenadas!$D$160)^2)),0) -> 0.47098567
A78: Z30 | B78: S9 | C78: =IF(SQRT((Coordenadas!$C$31-Coordenadas!$C$152)^2+(Coordenadas!$D$31-Coordenadas!$D$152)^2)<=LEEME!$B$20,EXP(-LEEME!$B$19*SQRT((Coordenadas!$C$31-Coordenadas!$C$152)^2+(Coordenadas!$D$31-Coordenadas!$D$152)^2)),0) -> 0.91960112
A79: Z30 | B79: S15 | C79: =IF(SQRT((Coordenadas!$C$31-Coordenadas!$C$158)^2+(Coordenadas!$D$31-Coordenadas!$D$158)^2)<=LEEME!$B$20,EXP(-LEEME!$B$19*SQRT((Coordenadas!$C$31-Coordenadas!$C$158)^2+(Coordenadas!$D$31-Coordenadas!$D$158)^2)),0) -> 0.40787282
A80: Z31 | B80: S8 | C80: =IF(SQRT((Coordenadas!$C$32-Coordenadas!$C$151)^2+(Coordenadas!$D$32-Coordenadas!$D$151)^2)<=LEEME!$B$20,EXP(-LEEME!$B$19*SQRT((Coordenadas!$C$32-Coordenadas!$C$151)^2+(Coordenadas!$D$32-Coordenadas!$D$151)^2)),0) -> 0.48470069
A81: Z31 | B81: S9 | C81: =IF(SQRT((Coordenadas!$C$32-Coordenadas!$C$152)^2+(Coordenadas!$D$32-Coordenadas!$D$152)^2)<=LEEME!$B$20,EXP(-LEEME!$B$19*SQRT((Coordenadas!$C$32-Coordenadas!$C$152)^2+(Coordenadas!$D$32-Coordenadas!$D$152)^2)),0) -> 0.55403389
A82: Z32 | B82: S9 | C82: =IF(SQRT((Coordenadas!$C$33-Coordenadas!$C$152)^2+(Coordenadas!$D$33-Coordenadas!$D$152)^2)<=LEEME!$B$20,EXP(-LEEME!$B$19*SQRT((Coordenadas!$C$33-Coordenadas!$C$152)^2+(Coordenadas!$D$33-Coordenadas!$D$152)^2)),0) -> 0.88240869
A83: Z33 | B83: S4 | C83: =IF(SQRT((Coordenadas!$C$34-Coordenadas!$C$147)^2+(Coordenadas!$D$34-Coordenadas!$D$147)^2)<=LEEME!$B$20,EXP(-LEEME!$B$19*SQRT((Coordenadas!$C$34-Coordenadas!$C$147)^2+(Coordenadas!$D$34-Coordenadas!$D$147)^2)),0) -> 0.6469673
A84: Z33 | B84: S18 | C84: =IF(SQRT((Coordenadas!$C$34-Coordenadas!$C$161)^2+(Coordenadas!$D$34-Coordenadas!$D$161)^2)<=LEEME!$B$20,EXP(-LEEME!$B$19*SQRT((Coordenadas!$C$34-Coordenadas!$C$161)^2+(Coordenadas!$D$34-Coordenadas!$D$161)^2)),0) -> 0.8547694
A85: Z34 | B85: S4 | C85: =IF(SQRT((Coordenadas!$C$35-Coordenadas!$C$147)^2+(Coordenadas!$D$35-Coordenadas!$D$147)^2)<=LEEME!$B$20,EXP(-LEEME!$B$19*SQRT((Coordenadas!$C$35-Coordenadas!$C$147)^2+(Coordenadas!$D$35-Coordenadas!$D$147)^2)),0) -> 0.55099556
A86: Z34 | B86: S7 | C86: =IF(SQRT((Coordenadas!$C$35-Coordenadas!$C$150)^2+(Coordenadas!$D$35-Coordenadas!$D$150)^2)<=LEEME!$B$20,EXP(-LEEME!$B$19*SQRT((Coordenadas!$C$35-Coordenadas!$C$150)^2+(Coordenadas!$D$35-Coordenadas!$D$150)^2)),0) -> 0.37065941
A87: Z34 | B87: S18 | C87: =IF(SQRT((Coordenadas!$C$35-Coordenadas!$C$161)^2+(Coordenadas!$D$35-Coordenadas!$D$161)^2)<=LEEME!$B$20,EXP(-LEEME!$B$19*SQRT((Coordenadas!$C$35-Coordenadas!$C$161)^2+(Coordenadas!$D$35-Coordenadas!$D$161)^2)),0) -> 0.90949268
A88: Z35 | B88: S4 | C88: =IF(SQRT((Coordenadas!$C$36-Coordenadas!$C$147)^2+(Coordenadas!$D$36-Coordenadas!$D$147)^2)<=LEEME!$B$20,EXP(-LEEME!$B$19*SQRT((Coordenadas!$C$36-Coordenadas!$C$147)^2+(Coordenadas!$D$36-Coordenadas!$D$147)^2)),0) -> 0.485539
A89: Z35 | B89: S7 | C89: =IF(SQRT((Coordenadas!$C$36-Coordenadas!$C$150)^2+(Coordenadas!$D$36-Coordenadas!$D$150)^2)<=LEEME!$B$20,EXP(-LEEME!$B$19*SQRT((Coordenadas!$C$36-Coordenadas!$C$150)^2+(Coordenadas!$D$36-Coordenadas!$D$150)^2)),0) -> 0.37124857
A90: Z35 | B90: S18 | C90: =IF(SQRT((Coordenadas!$C$36-Coordenadas!$C$161)^2+(Coordenadas!$D$36-Coordenadas!$D$161)^2)<=LEEME!$B$20,EXP(-LEEME!$B$19*SQRT((Coordenadas!$C$36-Coordenadas!$C$161)^2+(Coordenadas!$D$36-Coordenadas!$D$161)^2)),0) -> 0.78266461
A91: Z36 | B91: S7 | C91: =IF(SQRT((Coordenadas!$C$37-Coordenadas!$C$150)^2+(Coordenadas!$D$37-Coordenadas!$D$150)^2)<=LEEME!$B$20,EXP(-LEEME!$B$19*SQRT((Coordenadas!$C$37-Coordenadas!$C$150)^2+(Coordenadas!$D$37-Coordenadas!$D$150)^2)),0) -> 0.42203363
A92: Z36 | B92: S18 | C92: =IF(SQRT((Coordenadas!$C$37-Coordenadas!$C$161)^2+(Coordenadas!$D$37-Coordenadas!$D$161)^2)<=LEEME!$B$20,EXP(-LEEME!$B$19*SQRT((Coordenadas!$C$37-Coordenadas!$C$161)^2+(Coordenadas!$D$37-Coordenadas!$D$161)^2)),0) -> 0.56666959
A93: Z37 | B93: S7 | C93: =IF(SQRT((Coordenadas!$C$38-Coordenadas!$C$150)^2+(Coordenadas!$D$38-Coordenadas!$D$150)^2)<=LEEME!$B$20,EXP(-LEEME!$B$19*SQRT((Coordenadas!$C$38-Coordenadas!$C$150)^2+(Coordenadas!$D$38-Coordenadas!$D$150)^2)),0) -> 0.56620868
A94: Z37 | B94: S18 | C94: =IF(SQRT((Coordenadas!$C$38-Coordenadas!$C$161)^2+(Coordenadas!$D$38-Coordenadas!$D$161)^2)<=LEEME!$B$20,EXP(-LEEME!$B$19*SQRT((Coordenadas!$C$38-Coordenadas!$C$161)^2+(Coordenadas!$D$38-Coordenadas!$D$161)^2)),0) -> 0.64277799
A95: Z38 | B95: S4 | C95: =IF(SQRT((Coordenadas!$C$39-Coordenadas!$C$147)^2+(Coordenadas!$D$39-Coordenadas!$D$147)^2)<=LEEME!$B$20,EXP(-LEEME!$B$19*SQRT((Coordenadas!$C$39-Coordenadas!$C$147)^2+(Coordenadas!$D$39-Coordenadas!$D$147)^2)),0) -> 0.41763176
A96: Z38 | B96: S7 | C96: =IF(SQRT((Coordenadas!$C$39-Coordenadas!$C$150)^2+(Coordenadas!$D$39-Coordenadas!$D$150)^2)<=LEEME!$B$20,EXP(-LEEME!$B$19*SQRT((Coordenadas!$C$39-Coordenadas!$C$150)^2+(Coordenadas!$D$39-Coordenadas!$D$150)^2)),0) -> 0.5351651
A97: Z38 | B97: S18 | C97: =IF(SQRT((Coordenadas!$C$39-Coordenadas!$C$161)^2+(Coordenadas!$D$39-Coordenadas!$D$161)^2)<=LEEME!$B$20,EXP(-LEEME!$B$19*SQRT((Coordenadas!$C$39-Coordenadas!$C$161)^2+(Coordenadas!$D$39-Coordenadas!$D$161)^2)),0) -> 0.7153114
A98: Z39 | B98: S6 | C98: =IF(SQRT((Coordenadas!$C$40-Coordenadas!$C$149)^2+(Coordenadas!$D$40-Coordenadas!$D$149)^2)<=LEEME!$B$20,EXP(-LEEME!$B$19*SQRT((Coordenadas!$C$40-Coordenadas!$C$149)^2+(Coordenadas!$D$40-Coordenadas!$D$149)^2)),0) -> 0.47378071
A99: Z39 | B99: S7 | C99: =IF(SQRT((Coordenadas!$C$40-Coordenadas!$C$150)^2+(Coordenadas!$D$40-Coordenadas!$D$150)^2)<=LEEME!$B$20,EXP(-LEEME!$B$19*SQRT((Coordenadas!$C$40-Coordenadas!$C$150)^2+(Coordenadas!$D$40-Coordenadas!$D$150)^2)),0) -> 0.64060839
A100: Z39 | B100: S18 | C100: =IF(SQRT((Coordenadas!$C$40-Coordenadas!$C$161)^2+(Coordenadas!$D$40-Coordenadas!$D$161)^2)<=LEEME!$B$20,EXP(-LEEME!$B$19*SQRT((Coordenadas!$C$40-Coordenadas!$C$161)^2+(Coordenadas!$D$40-Coordenadas!$D$161)^2)),0) -> 0.54747824
...

Sheet Alternativas
A1: alternativa | B1: material
A2: A1 | B2: plastico
A3: A2 | B3: plastico
A4: A3 | B4: papel_carton
A5: A4 | B5: plastico
A6: A5 | B6: plastico
A7: A6 | B7: plastico
A8: A7 | B8: plastico
A9: A8 | B9: plastico
A10: A9 | B10: plastico
A11: A10 | B11: plastico
A12: A11 | B12: plastico
... A51: A40 | B51: plastico

Sheet AtractivoAlternativas
A1: sector | B1: alternativa | C1: atractivo [-]
A2: Z1 | B2: A14 | C2: =IF(SQRT((Coordenadas!$C$2-Coordenadas!$C$177)^2+(Coordenadas!$D$2-Coordenadas!$D$177)^2)<=LEEME!$B$20,EXP(-LEEME!$B$19*SQRT((Coordenadas!$C$2-Coordenadas!$C$177)^2+(Coordenadas!$D$2-Coordenadas!$D$177)^2)),0) -> 0.74900702
A3: Z1 | B3: A17 | C3: =IF(SQRT((Coordenadas!$C$2-Coordenadas!$C$180)^2+(Coordenadas!$D$2-Coordenadas!$D$180)^2)<=LEEME!$B$20,EXP(-LEEME!$B$19*SQRT((Coordenadas!$C$2-Coordenadas!$C$180)^2+(Coordenadas!$D$2-Coordenadas!$D$180)^2)),0) -> 0.47976658
A4: Z1 | B4: A18 | C4: =IF(SQRT((Coordenadas!$C$2-Coordenadas!$C$181)^2+(Coordenadas!$D$2-Coordenadas!$D$181)^2)<=LEEME!$B$20,EXP(-LEEME!$B$19*SQRT((Coordenadas!$C$2-Coordenadas!$C$181)^2+(Coordenadas!$D$2-Coordenadas!$D$181)^2)),0) -> 0.87363504
A5: Z1 | B5: A19 | C5: =IF(SQRT((Coordenadas!$C$2-Coordenadas!$C$182)^2+(Coordenadas!$D$2-Coordenadas!$D$182)^2)<=LEEME!$B$20,EXP(-LEEME!$B$19*SQRT((Coordenadas!$C$2-Coordenadas!$C$182)^2+(Coordenadas!$D$2-Coordenadas!$D$182)^2)),0) -> 0.42075364
A6: Z1 | B6: A20 | C6: =IF(SQRT((Coordenadas!$C$2-Coordenadas!$C$183)^2+(Coordenadas!$D$2-Coordenadas!$D$183)^2)<=LEEME!$B$20,EXP(-LEEME!$B$19*SQRT((Coordenadas!$C$2-Coordenadas!$C$183)^2+(Coordenadas!$D$2-Coordenadas!$D$183)^2)),0) -> 0.40252422
A7: Z1 | B7: A25 | C7: =IF(SQRT((Coordenadas!$C$2-Coordenadas!$C$188)^2+(Coordenadas!$D$2-Coordenadas!$D$188)^2)<=LEEME!$B$20,EXP(-LEEME!$B$19*SQRT((Coordenadas!$C$2-Coordenadas!$C$188)^2+(Coordenadas!$D$2-Coordenadas!$D$188)^2)),0) -> 0.55997078
A8: Z1 | B8: A26 | C8: =IF(SQRT((Coordenadas!$C$2-Coordenadas!$C$189)^2+(Coordenadas!$D$2-Coordenadas!$D$189)^2)<=LEEME!$B$20,EXP(-LEEME!$B$19*SQRT((Coordenadas!$C$2-Coordenadas!$C$189)^2+(Coordenadas!$D$2-Coordenadas!$D$189)^2)),0) -> 0.4656383
A9: Z1 | B9: A27 | C9: =IF(SQRT((Coordenadas!$C$2-Coordenadas!$C$190)^2+(Coordenadas!$D$2-Coordenadas!$D$190)^2)<=LEEME!$B$20,EXP(-LEEME!$B$19*SQRT((Coordenadas!$C$2-Coordenadas!$C$190)^2+(Coordenadas!$D$2-Coordenadas!$D$190)^2)),0) -> 0.53254954
A10: Z2 | B10: A14 | C10: =IF(SQRT((Coordenadas!$C$3-Coordenadas!$C$177)^2+(Coordenadas!$D$3-Coordenadas!$D$177)^2)<=LEEME!$B$20,EXP(-LEEME!$B$19*SQRT((Coordenadas!$C$3-Coordenadas!$C$177)^2+(Coordenadas!$D$3-Coordenadas!$D$177)^2)),0) -> 0.66026074
A11: Z2 | B11: A17 | C11: =IF(SQRT((Coordenadas!$C$3-Coordenadas!$C$180)^2+(Coordenadas!$D$3-Coordenadas!$D$180)^2)<=LEEME!$B$20,EXP(-LEEME!$B$19*SQRT((Coordenadas!$C$3-Coordenadas!$C$180)^2+(Coordenadas!$D$3-Coordenadas!$D$180)^2)),0) -> 0.4100971
A12: Z2 | B12: A18 | C12: =IF(SQRT((Coordenadas!$C$3-Coordenadas!$C$181)^2+(Coordenadas!$D$3-Coordenadas!$D$181)^2)<=LEEME!$B$20,EXP(-LEEME!$B$19*SQRT((Coordenadas!$C$3-Coordenadas!$C$181)^2+(Coordenadas!$D$3-Coordenadas!$D$181)^2)),0) -> 0.76716977
A13: Z2 | B13: A19 | C13: =IF(SQRT((Coordenadas!$C$3-Coordenadas!$C$182)^2+(Coordenadas!$D$3-Coordenadas!$D$182)^2)<=LEEME!$B$20,EXP(-LEEME!$B$19*SQRT((Coordenadas!$C$3-Coordenadas!$C$182)^2+(Coordenadas!$D$3-Coordenadas!$D$182)^2)),0) -> 0.45611244
A14: Z2 | B14: A20 | C14: =IF(SQRT((Coordenadas!$C$3-Coordenadas!$C$183)^2+(Coordenadas!$D$3-Coordenadas!$D$183)^2)<=LEEME!$B$20,EXP(-LEEME!$B$19*SQRT((Coordenadas!$C$3-Coordenadas!$C$183)^2+(Coordenadas!$D$3-Coordenadas!$D$183)^2)),0) -> 0.44043165
A15: Z2 | B15: A25 | C15: =IF(SQRT((Coordenadas!$C$3-Coordenadas!$C$188)^2+(Coordenadas!$D$3-Coordenadas!$D$188)^2)<=LEEME!$B$20,EXP(-LEEME!$B$19*SQRT((Coordenadas!$C$3-Coordenadas!$C$188)^2+(Coordenadas!$D$3-Coordenadas!$D$188)^2)),0) -> 0.56485683
A16: Z2 | B16: A26 | C16: =IF(SQRT((Coordenadas!$C$3-Coordenadas!$C$189)^2+(Coordenadas!$D$3-Coordenadas!$D$189)^2)<=LEEME!$B$20,EXP(-LEEME!$B$19*SQRT((Coordenadas!$C$3-Coordenadas!$C$189)^2+(Coordenadas!$D$3-Coordenadas!$D$189)^2)),0) -> 0.5616312
A17: Z2 | B17: A27 | C17: =IF(SQRT((Coordenadas!$C$3-Coordenadas!$C$190)^2+(Coordenadas!$D$3-Coordenadas!$D$190)^2)<=LEEME!$B$20,EXP(-LEEME!$B$19*SQRT((Coordenadas!$C$3-Coordenadas!$C$190)^2+(Coordenadas!$D$3-Coordenadas!$D$190)^2)),0) -> 0.62767972
A18: Z3 | B18: A14 | C18: =IF(SQRT((Coordenadas!$C$4-Coordenadas!$C$177)^2+(Coordenadas!$D$4-Coordenadas!$D$177)^2)<=LEEME!$B$20,EXP(-LEEME!$B$19*SQRT((Coordenadas!$C$4-Coordenadas!$C$177)^2+(Coordenadas!$D$4-Coordenadas!$D$177)^2)),0) -> 0.4500816
A19: Z3 | B19: A17 | C19: =IF(SQRT((Coordenadas!$C$4-Coordenadas!$C$180)^2+(Coordenadas!$D$4-Coordenadas!$D$180)^2)<=LEEME!$B$20,EXP(-LEEME!$B$19*SQRT((Coordenadas!$C$4-Coordenadas!$C$180)^2+(Coordenadas!$D$4-Coordenadas!$D$180)^2)),0) -> 0.6791297
A20: Z3 | B20: A18 | C20: =IF(SQRT((Coordenadas!$C$4-Coordenadas!$C$181)^2+(Coordenadas!$D$4-Coordenadas!$D$181)^2)<=LEEME!$B$20,EXP(-LEEME!$B$19*SQRT((Coordenadas!$C$4-Coordenadas!$C$181)^2+(Coordenadas!$D$4-Coordenadas!$D$181)^2)),0) -> 0.51188049
A21: Z3 | B21: A22 | C21: =IF(SQRT((Coordenadas!$C$4-Coordenadas!$C$185)^2+(Coordenadas!$D$4-Coordenadas!$D$185)^2)<=LEEME!$B$20,EXP(-LEEME!$B$19*SQRT((Coordenadas!$C$4-Coordenadas!$C$185)^2+(Coordenadas!$D$4-Coordenadas!$D$185)^2)),0) -> 0.62188506
A22: Z3 | B22: A23 | C22: =IF(SQRT((Coordenadas!$C$4-Coordenadas!$C$186)^2+(Coordenadas!$D$4-Coordenadas!$D$186)^2)<=LEEME!$B$20,EXP(-LEEME!$B$19*SQRT((Coordenadas!$C$4-Coordenadas!$C$186)^2+(Coordenadas!$D$4-Coordenadas!$D$186)^2)),0) -> 0.37100987
A23: Z3 | B23: A25 | C23: =IF(SQRT((Coordenadas!$C$4-Coordenadas!$C$188)^2+(Coordenadas!$D$4-Coordenadas!$D$188)^2)<=LEEME!$B$20,EXP(-LEEME!$B$19*SQRT((Coordenadas!$C$4-Coordenadas!$C$188)^2+(Coordenadas!$D$4-Coordenadas!$D$188)^2)),0) -> 0.78330472
A24: Z3 | B24: A27 | C24: =IF(SQRT((Coordenadas!$C$4-Coordenadas!$C$190)^2+(Coordenadas!$D$4-Coordenadas!$D$190)^2)<=LEEME!$B$20,EXP(-LEEME!$B$19*SQRT((Coordenadas!$C$4-Coordenadas!$C$190)^2+(Coordenadas!$D$4-Coordenadas!$D$190)^2)),0) -> 0.51033842
A25: Z3 | B25: A30 | C25: =IF(SQRT((Coordenadas!$C$4-Coordenadas!$C$193)^2+(Coordenadas!$D$4-Coordenadas!$D$193)^2)<=LEEME!$B$20,EXP(-LEEME!$B$19*SQRT((Coordenadas!$C$4-Coordenadas!$C$193)^2+(Coordenadas!$D$4-Coordenadas!$D$193)^2)),0) -> 0.45605434
A26: Z4 | B26: A14 | C26: =IF(SQRT((Coordenadas!$C$5-Coordenadas!$C$177)^2+(Coordenadas!$D$5-Coordenadas!$D$177)^2)<=LEEME!$B$20,EXP(-LEEME!$B$19*SQRT((Coordenadas!$C$5-Coordenadas!$C$177)^2+(Coordenadas!$D$5-Coordenadas!$D$177)^2)),0) -> 0.61206456
A27: Z4 | B27: A17 | C27: =IF(SQRT((Coordenadas!$C$5-Coordenadas!$C$180)^2+(Coordenadas!$D$5-Coordenadas!$D$180)^2)<=LEEME!$B$20,EXP(-LEEME!$B$19*SQRT((Coordenadas!$C$5-Coordenadas!$C$180)^2+(Coordenadas!$D$5-Coordenadas!$D$180)^2)),0) -> 0.59506435
A28: Z4 | B28: A18 | C28: =IF(SQRT((Coordenadas!$C$5-Coordenadas!$C$181)^2+(Coordenadas!$D$5-Coordenadas!$D$181)^2)<=LEEME!$B$20,EXP(-LEEME!$B$19*SQRT((Coordenadas!$C$5-Coordenadas!$C$181)^2+(Coordenadas!$D$5-Coordenadas!$D$181)^2)),0) -> 0.69610838
A29: Z4 | B29: A22 | C29: =IF(SQRT((Coordenadas!$C$5-Coordenadas!$C$185)^2+(Coordenadas!$D$5-Coordenadas!$D$185)^2)<=LEEME!$B$20,EXP(-LEEME!$B$19*SQRT((Coordenadas!$C$5-Coordenadas!$C$185)^2+(Coordenadas!$D$5-Coordenadas!$D$185)^2)),0) -> 0.46628661
A30: Z4 | B30: A25 | C30: =IF(SQRT((Coordenadas!$C$5-Coordenadas!$C$188)^2+(Coordenadas!$D$5-Coordenadas!$D$188)^2)<=LEEME!$B$20,EXP(-LEEME!$B$19*SQRT((Coordenadas!$C$5-Coordenadas!$C$188)^2+(Coordenadas!$D$5-Coordenadas!$D$188)^2)),0) -> 0.66566382
A31: Z4 | B31: A26 | C31: =IF(SQRT((Coordenadas!$C$5-Coordenadas!$C$189)^2+(Coordenadas!$D$5-Coordenadas!$D$189)^2)<=LEEME!$B$20,EXP(-LEEME!$B$19*SQRT((Coordenadas!$C$5-Coordenadas!$C$189)^2+(Coordenadas!$D$5-Coordenadas!$D$189)^2)),0) -> 0.38733224
A32: Z4 | B32: A27 | C32: =IF(SQRT((Coordenadas!$C$5-Coordenadas!$C$190)^2+(Coordenadas!$D$5-Coordenadas!$D$190)^2)<=LEEME!$B$20,EXP(-LEEME!$B$19*SQRT((Coordenadas!$C$5-Coordenadas!$C$190)^2+(Coordenadas!$D$5-Coordenadas!$D$190)^2)),0) -> 0.53182183
A33: Z4 | B33: A30 | C33: =IF(SQRT((Coordenadas!$C$5-Coordenadas!$C$193)^2+(Coordenadas!$D$5-Coordenadas!$D$193)^2)<=LEEME!$B$20,EXP(-LEEME!$B$19*SQRT((Coordenadas!$C$5-Coordenadas!$C$193)^2+(Coordenadas!$D$5-Coordenadas!$D$193)^2)),0) -> 0.37931278
A34: Z5 | B34: A14 | C34: =IF(SQRT((Coordenadas!$C$6-Coordenadas!$C$177)^2+(Coordenadas!$D$6-Coordenadas!$D$177)^2)<=LEEME!$B$20,EXP(-LEEME!$B$19*SQRT((Coordenadas!$C$6-Coordenadas!$C$177)^2+(Coordenadas!$D$6-Coordenadas!$D$177)^2)),0) -> 0.5499007
A35: Z5 | B35: A17 | C35: =IF(SQRT((Coordenadas!$C$6-Coordenadas!$C$180)^2+(Coordenadas!$D$6-Coordenadas!$D$180)^2)<=LEEME!$B$20,EXP(-LEEME!$B$19*SQRT((Coordenadas!$C$6-Coordenadas!$C$180)^2+(Coordenadas!$D$6-Coordenadas!$D$180)^2)),0) -> 0.5460293
A36: Z5 | B36: A18 | C36: =IF(SQRT((Coordenadas!$C$6-Coordenadas!$C$181)^2+(Coordenadas!$D$6-Coordenadas!$D$181)^2)<=LEEME!$B$20,EXP(-LEEME!$B$19*SQRT((Coordenadas!$C$6-Coordenadas!$C$181)^2+(Coordenadas!$D$6-Coordenadas!$D$181)^2)),0) -> 0.63994421
A37: Z5 | B37: A22 | C37: =IF(SQRT((Coordenadas!$C$6-Coordenadas!$C$185)^2+(Coordenadas!$D$6-Coordenadas!$D$185)^2)<=LEEME!$B$20,EXP(-LEEME!$B$19*SQRT((Coordenadas!$C$6-Coordenadas!$C$185)^2+(Coordenadas!$D$6-Coordenadas!$D$185)^2)),0) -> 0.46973067
A38: Z5 | B38: A25 | C38: =IF(SQRT((Coordenadas!$C$6-Coordenadas!$C$188)^2+(Coordenadas!$D$6-Coordenadas!$D$188)^2)<=LEEME!$B$20,EXP(-LEEME!$B$19*SQRT((Coordenadas!$C$6-Coordenadas!$C$188)^2+(Coordenadas!$D$6-Coordenadas!$D$188)^2)),0) -> 0.76430099
A39: Z5 | B39: A26 | C39: =IF(SQRT((Coordenadas!$C$6-Coordenadas!$C$189)^2+(Coordenadas!$D$6-Coordenadas!$D$189)^2)<=LEEME!$B$20,EXP(-LEEME!$B$19*SQRT((Coordenadas!$C$6-Coordenadas!$C$189)^2+(Coordenadas!$D$6-Coordenadas!$D$189)^2)),0) -> 0.41255102
A40: Z5 | B40: A27 | C40: =IF(SQRT((Coordenadas!$C$6-Coordenadas!$C$190)^2+(Coordenadas!$D$6-Coordenadas!$D$190)^2)<=LEEME!$B$20,EXP(-LEEME!$B$19*SQRT((Coordenadas!$C$6-Coordenadas!$C$190)^2+(Coordenadas!$D$6-Coordenadas!$D$190)^2)),0) -> 0.62242584
A41: Z5 | B41: A30 | C41: =IF(SQRT((Coordenadas!$C$6-Coordenadas!$C$193)^2+(Coordenadas!$D$6-Coordenadas!$D$193)^2)<=LEEME!$B$20,EXP(-LEEME!$B$19*SQRT((Coordenadas!$C$6-Coordenadas!$C$193)^2+(Coordenadas!$D$6-Coordenadas!$D$193)^2)),0) -> 0.44459736
A42: Z6 | B42: A11 | C42: =IF(SQRT((Coordenadas!$C$7-Coordenadas!$C$174)^2+(Coordenadas!$D$7-Coordenadas!$D$174)^2)<=LEEME!$B$20,EXP(-LEEME!$B$19*SQRT((Coordenadas!$C$7-Coordenadas!$C$174)^2+(Coordenadas!$D$7-Coordenadas!$D$174)^2)),0) -> 0.42054112
A43: Z6 | B43: A14 | C43: =IF(SQRT((Coordenadas!$C$7-Coordenadas!$C$177)^2+(Coordenadas!$D$7-Coordenadas!$D$177)^2)<=LEEME!$B$20,EXP(-LEEME!$B$19*SQRT((Coordenadas!$C$7-Coordenadas!$C$177)^2+(Coordenadas!$D$7-Coordenadas!$D$177)^2)),0) -> 0.79802905
A44: Z6 | B44: A17 | C44: =IF(SQRT((Coordenadas!$C$7-Coordenadas!$C$180)^2+(Coordenadas!$D$7-Coordenadas!$D$180)^2)<=LEEME!$B$20,EXP(-LEEME!$B$19*SQRT((Coordenadas!$C$7-Coordenadas!$C$180)^2+(Coordenadas!$D$7-Coordenadas!$D$180)^2)),0) -> 0.38496835
A45: Z6 | B45: A18 | C45: =IF(SQRT((Coordenadas!$C$7-Coordenadas!$C$181)^2+(Coordenadas!$D$7-Coordenadas!$D$181)^2)<=LEEME!$B$20,EXP(-LEEME!$B$19*SQRT((Coordenadas!$C$7-Coordenadas!$C$181)^2+(Coordenadas!$D$7-Coordenadas!$D$181)^2)),0) -> 0.86804674
A46: Z6 | B46: A19 | C46: =IF(SQRT((Coordenadas!$C$7-Coordenadas!$C$182)^2+(Coordenadas!$D$7-Coordenadas!$D$182)^2)<=LEEME!$B$20,EXP(-LEEME!$B$19*SQRT((Coordenadas!$C$7-Coordenadas!$C$182)^2+(Coordenadas!$D$7-Coordenadas!$D$182)^2)),0) -> 0.52703512
A47: Z6 | B47: A20 | C47: =IF(SQRT((Coordenadas!$C$7-Coordenadas!$C$183)^2+(Coordenadas!$D$7-Coordenadas!$D$183)^2)<=LEEME!$B$20,EXP(-LEEME!$B$19*SQRT((Coordenadas!$C$7-Coordenadas!$C$183)^2+(Coordenadas!$D$7-Coordenadas!$D$183)^2)),0) -> 0.50405344
A48: Z6 | B48: A25 | C48: =IF(SQRT((Coordenadas!$C$7-Coordenadas!$C$188)^2+(Coordenadas!$D$7-Coordenadas!$D$188)^2)<=LEEME!$B$20,EXP(-LEEME!$B$19*SQRT((Coordenadas!$C$7-Coordenadas!$C$188)^2+(Coordenadas!$D$7-Coordenadas!$D$188)^2)),0) -> 0.46637067
A49: Z6 | B49: A26 | C49: =IF(SQRT((Coordenadas!$C$7-Coordenadas!$C$189)^2+(Coordenadas!$D$7-Coordenadas!$D$189)^2)<=LEEME!$B$20,EXP(-LEEME!$B$19*SQRT((Coordenadas!$C$7-Coordenadas!$C$189)^2+(Coordenadas!$D$7-Coordenadas!$D$189)^2)),0) -> 0.54767144
A50: Z6 | B50: A27 | C50: =IF(SQRT((Coordenadas!$C$7-Coordenadas!$C$190)^2+(Coordenadas!$D$7-Coordenadas!$D$190)^2)<=LEEME!$B$20,EXP(-LEEME!$B$19*SQRT((Coordenadas!$C$7-Coordenadas!$C$190)^2+(Coordenadas!$D$7-Coordenadas!$D$190)^2)),0) -> 0.50571563
A51: Z7 | B51: A1 | C51: =IF(SQRT((Coordenadas!$C$8-Coordenadas!$C$164)^2+(Coordenadas!$D$8-Coordenadas!$D$164)^2)<=LEEME!$B$20,EXP(-LEEME!$B$19*SQRT((Coordenadas!$C$8-Coordenadas!$C$164)^2+(Coordenadas!$D$8-Coordenadas!$D$164)^2)),0) -> 0.77012753
A52: Z9 | B52: A4 | C52: =IF(SQRT((Coordenadas!$C$10-Coordenadas!$C$167)^2+(Coordenadas!$D$10-Coordenadas!$D$167)^2)<=LEEME!$B$20,EXP(-LEEME!$B$19*SQRT((Coordenadas!$C$10-Coordenadas!$C$167)^2+(Coordenadas!$D$10-Coordenadas!$D$167)^2)),0) -> 0.37990064
A53: Z9 | B53: A11 | C53: =IF(SQRT((Coordenadas!$C$10-Coordenadas!$C$174)^2+(Coordenadas!$D$10-Coordenadas!$D$174)^2)<=LEEME!$B$20,EXP(-LEEME!$B$19*SQRT((Coordenadas!$C$10-Coordenadas!$C$174)^2+(Coordenadas!$D$10-Coordenadas!$D$174)^2)),0) -> 0.41600636
A54: Z10 | B54: A1 | C54: =IF(SQRT((Coordenadas!$C$11-Coordenadas!$C$164)^2+(Coordenadas!$D$11-Coordenadas!$D$164)^2)<=LEEME!$B$20,EXP(-LEEME!$B$19*SQRT((Coordenadas!$C$11-Coordenadas!$C$164)^2+(Coordenadas!$D$11-Coordenadas!$D$164)^2)),0) -> 0.6181238
A55: Z11 | B55: A1 | C55: =IF(SQRT((Coordenadas!$C$12-Coordenadas!$C$164)^2+(Coordenadas!$D$12-Coordenadas!$D$164)^2)<=LEEME!$B$20,EXP(-LEEME!$B$19*SQRT((Coordenadas!$C$12-Coordenadas!$C$164)^2+(Coordenadas!$D$12-Coordenadas!$D$164)^2)),0) -> 0.43294139
A56: Z11 | B56: A4 | C56: =IF(SQRT((Coordenadas!$C$12-Coordenadas!$C$167)^2+(Coordenadas!$D$12-Coordenadas!$D$167)^2)<=LEEME!$B$20,EXP(-LEEME!$B$19*SQRT((Coordenadas!$C$12-Coordenadas!$C$167)^2+(Coordenadas!$D$12-Coordenadas!$D$167)^2)),0) -> 0.45272767
A57: Z13 | B57: A4 | C57: =IF(SQRT((Coordenadas!$C$14-Coordenadas!$C$167)^2+(Coordenadas!$D$14-Coordenadas!$D$167)^2)<=LEEME!$B$20,EXP(-LEEME!$B$19*SQRT((Coordenadas!$C$14-Coordenadas!$C$167)^2+(Coordenadas!$D$14-Coordenadas!$D$167)^2)),0) -> 0.4249167
A58: Z14 | B58: A4 | C58: =IF(SQRT((Coordenadas!$C$15-Coordenadas!$C$167)^2+(Coordenadas!$D$15-Coordenadas!$D$167)^2)<=LEEME!$B$20,EXP(-LEEME!$B$19*SQRT((Coordenadas!$C$15-Coordenadas!$C$167)^2+(Coordenadas!$D$15-Coordenadas!$D$167)^2)),0) -> 0.38501372
A59: Z15 | B59: A1 | C59: =IF(SQRT((Coordenadas!$C$16-Coordenadas!$C$164)^2+(Coordenadas!$D$16-Coordenadas!$D$164)^2)<=LEEME!$B$20,EXP(-LEEME!$B$19*SQRT((Coordenadas!$C$16-Coordenadas!$C$164)^2+(Coordenadas!$D$16-Coordenadas!$D$164)^2)),0) -> 0.45815639
A60: Z16 | B60: A11 | C60: =IF(SQRT((Coordenadas!$C$17-Coordenadas!$C$174)^2+(Coordenadas!$D$17-Coordenadas!$D$174)^2)<=LEEME!$B$20,EXP(-LEEME!$B$19*SQRT((Coordenadas!$C$17-Coordenadas!$C$174)^2+(Coordenadas!$D$17-Coordenadas!$D$174)^2)),0) -> 0.67011069
A61: Z16 | B61: A14 | C61: =IF(SQRT((Coordenadas!$C$17-Coordenadas!$C$177)^2+(Coordenadas!$D$17-Coordenadas!$D$177)^2)<=LEEME!$B$20,EXP(-LEEME!$B$19*SQRT((Coordenadas!$C$17-Coordenadas!$C$177)^2+(Coordenadas!$D$17-Coordenadas!$D$177)^2)),0) -> 0.51928352
A62: Z16 | B62: A18 | C62: =IF(SQRT((Coordenadas!$C$17-Coordenadas!$C$181)^2+(Coordenadas!$D$17-Coordenadas!$D$181)^2)<=LEEME!$B$20,EXP(-LEEME!$B$19*SQRT((Coordenadas!$C$17-Coordenadas!$C$181)^2+(Coordenadas!$D$17-Coordenadas!$D$181)^2)),0) -> 0.44209018
A63: Z16 | B63: A19 | C63: =IF(SQRT((Coordenadas!$C$17-Coordenadas!$C$182)^2+(Coordenadas!$D$17-Coordenadas!$D$182)^2)<=LEEME!$B$20,EXP(-LEEME!$B$19*SQRT((Coordenadas!$C$17-Coordenadas!$C$182)^2+(Coordenadas!$D$17-Coordenadas!$D$182)^2)),0) -> 0.4208995
A64: Z16 | B64: A20 | C64: =IF(SQRT((Coordenadas!$C$17-Coordenadas!$C$183)^2+(Coordenadas!$D$17-Coordenadas!$D$183)^2)<=LEEME!$B$20,EXP(-LEEME!$B$19*SQRT((Coordenadas!$C$17-Coordenadas!$C$183)^2+(Coordenadas!$D$17-Coordenadas!$D$183)^2)),0) -> 0.3996922
A65: Z17 | B65: A11 | C65: =IF(SQRT((Coordenadas!$C$18-Coordenadas!$C$174)^2+(Coordenadas!$D$18-Coordenadas!$D$174)^2)<=LEEME!$B$20,EXP(-LEEME!$B$19*SQRT((Coordenadas!$C$18-Coordenadas!$C$174)^2+(Coordenadas!$D$18-Coordenadas!$D$174)^2)),0) -> 0.98888193
A66: Z17 | B66: A13 | C66: =IF(SQRT((Coordenadas!$C$18-Coordenadas!$C$176)^2+(Coordenadas!$D$18-Coordenadas!$D$176)^2)<=LEEME!$B$20,EXP(-LEEME!$B$19*SQRT((Coordenadas!$C$18-Coordenadas!$C$176)^2+(Coordenadas!$D$18-Coordenadas!$D$176)^2)),0) -> 0.37816203
A67: Z17 | B67: A14 | C67: =IF(SQRT((Coordenadas!$C$18-Coordenadas!$C$177)^2+(Coordenadas!$D$18-Coordenadas!$D$177)^2)<=LEEME!$B$20,EXP(-LEEME!$B$19*SQRT((Coordenadas!$C$18-Coordenadas!$C$177)^2+(Coordenadas!$D$18-Coordenadas!$D$177)^2)),0) -> 0.46859157
A68: Z17 | B68: A15 | C68: =IF(SQRT((Coordenadas!$C$18-Coordenadas!$C$178)^2+(Coordenadas!$D$18-Coordenadas!$D$178)^2)<=LEEME!$B$20,EXP(-LEEME!$B$19*SQRT((Coordenadas!$C$18-Coordenadas!$C$178)^2+(Coordenadas!$D$18-Coordenadas!$D$178)^2)),0) -> 0.4259808
A69: Z17 | B69: A16 | C69: =IF(SQRT((Coordenadas!$C$18-Coordenadas!$C$179)^2+(Coordenadas!$D$18-Coordenadas!$D$179)^2)<=LEEME!$B$20,EXP(-LEEME!$B$19*SQRT((Coordenadas!$C$18-Coordenadas!$C$179)^2+(Coordenadas!$D$18-Coordenadas!$D$179)^2)),0) -> 0.4394004
A70: Z17 | B70: A18 | C70: =IF(SQRT((Coordenadas!$C$18-Coordenadas!$C$181)^2+(Coordenadas!$D$18-Coordenadas!$D$181)^2)<=LEEME!$B$20,EXP(-LEEME!$B$19*SQRT((Coordenadas!$C$18-Coordenadas!$C$181)^2+(Coordenadas!$D$18-Coordenadas!$D$181)^2)),0) -> 0.40778756
A71: Z17 | B71: A19 | C71: =IF(SQRT((Coordenadas!$C$18-Coordenadas!$C$182)^2+(Coordenadas!$D$18-Coordenadas!$D$182)^2)<=LEEME!$B$20,EXP(-LEEME!$B$19*SQRT((Coordenadas!$C$18-Coordenadas!$C$182)^2+(Coordenadas!$D$18-Coordenadas!$D$182)^2)),0) -> 0.55634542
A72: Z17 | B72: A20 | C72: =IF(SQRT((Coordenadas!$C$18-Coordenadas!$C$183)^2+(Coordenadas!$D$18-Coordenadas!$D$183)^2)<=LEEME!$B$20,EXP(-LEEME!$B$19*SQRT((Coordenadas!$C$18-Coordenadas!$C$183)^2+(Coordenadas!$D$18-Coordenadas!$D$183)^2)),0) -> 0.53483366
A73: Z17 | B73: A21 | C73: =IF(SQRT((Coordenadas!$C$18-Coordenadas!$C$184)^2+(Coordenadas!$D$18-Coordenadas!$D$184)^2)<=LEEME!$B$20,EXP(-LEEME!$B$19*SQRT((Coordenadas!$C$18-Coordenadas!$C$184)^2+(Coordenadas!$D$18-Coordenadas!$D$184)^2)),0) -> 0.43532823
A74: Z18 | B74: A11 | C74: =IF(SQRT((Coordenadas!$C$19-Coordenadas!$C$174)^2+(Coordenadas!$D$19-Coordenadas!$D$174)^2)<=LEEME!$B$20,EXP(-LEEME!$B$19*SQRT((Coordenadas!$C$19-Coordenadas!$C$174)^2+(Coordenadas!$D$19-Coordenadas!$D$174)^2)),0) -> 0.76260383
A75: Z18 | B75: A14 | C75: =IF(SQRT((Coordenadas!$C$19-Coordenadas!$C$177)^2+(Coordenadas!$D$19-Coordenadas!$D$177)^2)<=LEEME!$B$20,EXP(-LEEME!$B$19*SQRT((Coordenadas!$C$19-Coordenadas!$C$177)^2+(Coordenadas!$D$19-Coordenadas!$D$177)^2)),0) -> 0.57761964
A76: Z18 | B76: A15 | C76: =IF(SQRT((Coordenadas!$C$19-Coordenadas!$C$178)^2+(Coordenadas!$D$19-Coordenadas!$D$178)^2)<=LEEME!$B$20,EXP(-LEEME!$B$19*SQRT((Coordenadas!$C$19-Coordenadas!$C$178)^2+(Coordenadas!$D$19-Coordenadas!$D$178)^2)),0) -> 0.41201011
A77: Z18 | B77: A16 | C77: =IF(SQRT((Coordenadas!$C$19-Coordenadas!$C$179)^2+(Coordenadas!$D$19-Coordenadas!$D$179)^2)<=LEEME!$B$20,EXP(-LEEME!$B$19*SQRT((Coordenadas!$C$19-Coordenadas!$C$179)^2+(Coordenadas!$D$19-Coordenadas!$D$179)^2)),0) -> 0.43142164
A78: Z18 | B78: A18 | C78: =IF(SQRT((Coordenadas!$C$19-Coordenadas!$C$181)^2+(Coordenadas!$D$19-Coordenadas!$D$181)^2)<=LEEME!$B$20,EXP(-LEEME!$B$19*SQRT((Coordenadas!$C$19-Coordenadas!$C$181)^2+(Coordenadas!$D$19-Coordenadas!$D$181)^2)),0) -> 0.51241626
A79: Z18 | B79: A19 | C79: =IF(SQRT((Coordenadas!$C$19-Coordenadas!$C$182)^2+(Coordenadas!$D$19-Coordenadas!$D$182)^2)<=LEEME!$B$20,EXP(-LEEME!$B$19*SQRT((Coordenadas!$C$19-Coordenadas!$C$182)^2+(Coordenadas!$D$19-Coordenadas!$D$182)^2)),0) -> 0.67606126
A80: Z18 | B80: A20 | C80: =IF(SQRT((Coordenadas!$C$19-Coordenadas!$C$183)^2+(Coordenadas!$D$19-Coordenadas!$D$183)^2)<=LEEME!$B$20,EXP(-LEEME!$B$19*SQRT((Coordenadas!$C$19-Coordenadas!$C$183)^2+(Coordenadas!$D$19-Coordenadas!$D$183)^2)),0) -> 0.64214272
A81: Z18 | B81: A21 | C81: =IF(SQRT((Coordenadas!$C$19-Coordenadas!$C$184)^2+(Coordenadas!$D$19-Coordenadas!$D$184)^2)<=LEEME!$B$20,EXP(-LEEME!$B$19*SQRT((Coordenadas!$C$19-Coordenadas!$C$184)^2+(Coordenadas!$D$19-Coordenadas!$D$184)^2)),0) -> 0.46246511
A82: Z18 | B82: A26 | C82: =IF(SQRT((Coordenadas!$C$19-Coordenadas!$C$189)^2+(Coordenadas!$D$19-Coordenadas!$D$189)^2)<=LEEME!$B$20,EXP(-LEEME!$B$19*SQRT((Coordenadas!$C$19-Coordenadas!$C$189)^2+(Coordenadas!$D$19-Coordenadas!$D$189)^2)),0) -> 0.4345772
A83: Z19 | B83: A11 | C83: =IF(SQRT((Coordenadas!$C$20-Coordenadas!$C$174)^2+(Coordenadas!$D$20-Coordenadas!$D$174)^2)<=LEEME!$B$20,EXP(-LEEME!$B$19*SQRT((Coordenadas!$C$20-Coordenadas!$C$174)^2+(Coordenadas!$D$20-Coordenadas!$D$174)^2)),0) -> 0.5474328
A84: Z19 | B84: A14 | C84: =IF(SQRT((Coordenadas!$C$20-Coordenadas!$C$177)^2+(Coordenadas!$D$20-Coordenadas!$D$177)^2)<=LEEME!$B$20,EXP(-LEEME!$B$19*SQRT((Coordenadas!$C$20-Coordenadas!$C$177)^2+(Coordenadas!$D$20-Coordenadas!$D$177)^2)),0) -> 0.52793193
A85: Z19 | B85: A15 | C85: =IF(SQRT((Coordenadas!$C$20-Coordenadas!$C$178)^2+(Coordenadas!$D$20-Coordenadas!$D$178)^2)<=LEEME!$B$20,EXP(-LEEME!$B$19*SQRT((Coordenadas!$C$20-Coordenadas!$C$178)^2+(Coordenadas!$D$20-Coordenadas!$D$178)^2)),0) -> 0.44789487
A86: Z19 | B86: A16 | C86: =IF(SQRT((Coordenadas!$C$20-Coordenadas!$C$179)^2+(Coordenadas!$D$20-Coordenadas!$D$179)^2)<=LEEME!$B$20,EXP(-LEEME!$B$19*SQRT((Coordenadas!$C$20-Coordenadas!$C$179)^2+(Coordenadas!$D$20-Coordenadas!$D$179)^2)),0) -> 0.4755404
A87: Z19 | B87: A18 | C87: =IF(SQRT((Coordenadas!$C$20-Coordenadas!$C$181)^2+(Coordenadas!$D$20-Coordenadas!$D$181)^2)<=LEEME!$B$20,EXP(-LEEME!$B$19*SQRT((Coordenadas!$C$20-Coordenadas!$C$181)^2+(Coordenadas!$D$20-Coordenadas!$D$181)^2)),0) -> 0.50780314
A88: Z19 | B88: A19 | C88: =IF(SQRT((Coordenadas!$C$20-Coordenadas!$C$182)^2+(Coordenadas!$D$20-Coordenadas!$D$182)^2)<=LEEME!$B$20,EXP(-LEEME!$B$19*SQRT((Coordenadas!$C$20-Coordenadas!$C$182)^2+(Coordenadas!$D$20-Coordenadas!$D$182)^2)),0) -> 0.917974
A89: Z19 | B89: A20 | C89: =IF(SQRT((Coordenadas!$C$20-Coordenadas!$C$183)^2+(Coordenadas!$D$20-Coordenadas!$D$183)^2)<=LEEME!$B$20,EXP(-LEEME!$B$19*SQRT((Coordenadas!$C$20-Coordenadas!$C$183)^2+(Coordenadas!$D$20-Coordenadas!$D$183)^2)),0) -> 0.87600628
A90: Z19 | B90: A21 | C90: =IF(SQRT((Coordenadas!$C$20-Coordenadas!$C$184)^2+(Coordenadas!$D$20-Coordenadas!$D$184)^2)<=LEEME!$B$20,EXP(-LEEME!$B$19*SQRT((Coordenadas!$C$20-Coordenadas!$C$184)^2+(Coordenadas!$D$20-Coordenadas!$D$184)^2)),0) -> 0.56428898
A91: Z19 | B91: A26 | C91: =IF(SQRT((Coordenadas!$C$20-Coordenadas!$C$189)^2+(Coordenadas!$D$20-Coordenadas!$D$189)^2)<=LEEME!$B$20,EXP(-LEEME!$B$19*SQRT((Coordenadas!$C$20-Coordenadas!$C$189)^2+(Coordenadas!$D$20-Coordenadas!$D$189)^2)),0) -> 0.61253265
A92: Z20 | B92: A13 | C92: =IF(SQRT((Coordenadas!$C$21-Coordenadas!$C$176)^2+(Coordenadas!$D$21-Coordenadas!$D$176)^2)<=LEEME!$B$20,EXP(-LEEME!$B$19*SQRT((Coordenadas!$C$21-Coordenadas!$C$176)^2+(Coordenadas!$D$21-Coordenadas!$D$176)^2)),0) -> 0.4291511
A93: Z20 | B93: A15 | C93: =IF(SQRT((Coordenadas!$C$21-Coordenadas!$C$178)^2+(Coordenadas!$D$21-Coordenadas!$D$178)^2)<=LEEME!$B$20,EXP(-LEEME!$B$19*SQRT((Coordenadas!$C$21-Coordenadas!$C$178)^2+(Coordenadas!$D$21-Coordenadas!$D$178)^2)),0) -> 0.50612401
A94: Z20 | B94: A16 | C94: =IF(SQRT((Coordenadas!$C$21-Coordenadas!$C$179)^2+(Coordenadas!$D$21-Coordenadas!$D$179)^2)<=LEEME!$B$20,EXP(-LEEME!$B$19*SQRT((Coordenadas!$C$21-Coordenadas!$C$179)^2+(Coordenadas!$D$21-Coordenadas!$D$179)^2)),0) -> 0.52416492
A95: Z20 | B95: A19 | C95: =IF(SQRT((Coordenadas!$C$21-Coordenadas!$C$182)^2+(Coordenadas!$D$21-Coordenadas!$D$182)^2)<=LEEME!$B$20,EXP(-LEEME!$B$19*SQRT((Coordenadas!$C$21-Coordenadas!$C$182)^2+(Coordenadas!$D$21-Coordenadas!$D$182)^2)),0) -> 0.4500816
A96: Z20 | B96: A20 | C96: =IF(SQRT((Coordenadas!$C$21-Coordenadas!$C$183)^2+(Coordenadas!$D$21-Coordenadas!$D$183)^2)<=LEEME!$B$20,EXP(-LEEME!$B$19*SQRT((Coordenadas!$C$21-Coordenadas!$C$183)^2+(Coordenadas!$D$21-Coordenadas!$D$183)^2)),0) -> 0.47646216
A97: Z20 | B97: A21 | C97: =IF(SQRT((Coordenadas!$C$21-Coordenadas!$C$184)^2+(Coordenadas!$D$21-Coordenadas!$D$184)^2)<=LEEME!$B$20,EXP(-LEEME!$B$19*SQRT((Coordenadas!$C$21-Coordenadas!$C$184)^2+(Coordenadas!$D$21-Coordenadas!$D$184)^2)),0) -> 0.62384207
A98: Z20 | B98: A24 | C98: =IF(SQRT((Coordenadas!$C$21-Coordenadas!$C$187)^2+(Coordenadas!$D$21-Coordenadas!$D$187)^2)<=LEEME!$B$20,EXP(-LEEME!$B$19*SQRT((Coordenadas!$C$21-Coordenadas!$C$187)^2+(Coordenadas!$D$21-Coordenadas!$D$187)^2)),0) -> 0.67764369
A99: Z20 | B99: A26 | C99: =IF(SQRT((Coordenadas!$C$21-Coordenadas!$C$189)^2+(Coordenadas!$D$21-Coordenadas!$D$189)^2)<=LEEME!$B$20,EXP(-LEEME!$B$19*SQRT((Coordenadas!$C$21-Coordenadas!$C$189)^2+(Coordenadas!$D$21-Coordenadas!$D$189)^2)),0) -> 0.42701307
A100: Z21 | B100: A13 | C100: =IF(SQRT((Coordenadas!$C$22-Coordenadas!$C$176)^2+(Coordenadas!$D$22-Coordenadas!$D$176)^2)<=LEEME!$B$20,EXP(-LEEME!$B$19*SQRT((Coordenadas!$C$22-Coordenadas!$C$176)^2+(Coordenadas!$D$22-Coordenadas!$D$176)^2)),0) -> 0.45839867
...

Sheet Camiones
A1: camion | B1: capacidad [ton/recorrido] | C1: costo_recorrido [CLP/recorrido] | D1: volumen [m3/recorrido] | E1: compatible_campana [0/1]
A2: H1 | B2: 1.5 | C2: 222000 | D2: 5.5 | E2: 1
A3: H2 | B3: 2.4 | C3: 287000 | D3: 8.8 | E3: 1
A4: H3 | B4: 4 | C4: 384000 | D4: 20.8 | E4: 1

Sheet Costos
A1: parametro | B1: valor | C1: unidad
A2: F | B2: 10 | C2: visitas/semana
A3: B | B3: 180000000 | C3: CLP/año
A4: cH | B4: 36000000 | C4: CLP/ubicación habilitada
A5: tasa_mantencion | B5: 0.05 | C5: 1/año

Sheet Calibracion
A1: sector | B1: poblacion [hab] | C1: generación g_im [ton/hab/año] | H1: atractivo alternativas que reciben m [-] | M1: atractivo puntos actuales u_in [-] | T1: suma puntos actuales [-] | U1: captura por unidad de atractivo [ton/hab/año] | AA1: Calibración de uN por material. Buscar objetivo, una vez por material: definir la celda de la fila 18 = 0 cambiando el uN de la fila 4.
C2: papel_carton | D2: plastico | E2: vidrio | F2: metal | G2: carton_liquidos | H2: papel_carton | I2: plastico | J2: vidrio | K2: metal | L2: carton_liquidos | M2: S1 | N2: S2 | O2: S3 | P2: S4 | Q2: S5 | R2: S6 | S2: S7 | U2: papel_carton | V2: plastico | W2: vidrio | X2: metal | Y2: carton_liquidos
A3: Z1 | B3: =SUMIFS(Sectores!$C:$C,Sectores!$A:$A,$A3) -> 2849 | C3: =SUMIFS(Generacion!$C:$C,Generacion!$A:$A,$A3,Generacion!$B:$B,C$2) -> 0.043533877 | D3: =SUMIFS(Generacion!$C:$C,Generacion!$A:$A,$A3,Generacion!$B:$B,D$2) -> 0.037870933 | E3: =SUMIFS(Generacion!$C:$C,Generacion!$A:$A,$A3,Generacion!$B:$B,E$2) -> 0.01344949 | F3: =SUMIFS(Generacion!$C:$C,Generacion!$A:$A,$A3,Generacion!$B:$B,F$2) -> 0.0035393396 | G3: =SUMIFS(Generacion!$C:$C,Generacion!$A:$A,$A3,Generacion!$B:$B,G$2) -> 0.0024775377 | H3: =SUMPRODUCT((AtractivoAlternativas!$A$2:$A$931=$A3)*AtractivoAlternativas!$C$2:$C$931*COUNTIFS(Alternativas!$A$2:$A$51,AtractivoAlternativas!$B$2:$B$931,Alternativas!$B$2:$B$51,H$2)) -> 1.2146453 | I3: =SUMPRODUCT((AtractivoAlternativas!$A$2:$A$931=$A3)*AtractivoAlternativas!$C$2:$C$931*COUNTIFS(Alternativas!$A$2:$A$51,AtractivoAlternativas!$B$2:$B$931,Alternativas!$B$2:$B$51,I$2)) -> 3.3323139 | J3: =SUMPRODUCT((AtractivoAlternativas!$A$2:$A$931=$A3)*AtractivoAlternativas!$C$2:$C$931*COUNTIFS(Alternativas!$A$2:$A$51,AtractivoAlternativas!$B$2:$B$931,Alternativas!$B$2:$B$51,J$2)) -> 2.1497191 | K3: =SUMPRODUCT((AtractivoAlternativas!$A$2:$A$931=$A3)*AtractivoAlternativas!$C$2:$C$931*COUNTIFS(Alternativas!$A$2:$A$51,AtractivoAlternativas!$B$2:$B$931,Alternativas!$B$2:$B$51,K$2)) -> 0 | L3: =SUMPRODUCT((AtractivoAlternativas!$A$2:$A$931=$A3)*AtractivoAlternativas!$C$2:$C$931*COUNTIFS(Alternativas!$A$2:$A$51,AtractivoAlternativas!$B$2:$B$931,Alternativas!$B$2:$B$51,L$2)) -> 0 | M3: =SUMIFS(AtractivoSitios!$C:$C,AtractivoSitios!$A:$A,$A3,AtractivoSitios!$B:$B,M$2) -> 0 | N3: =SUMIFS(AtractivoSitios!$C:$C,AtractivoSitios!$A:$A,$A3,AtractivoSitios!$B:$B,N$2) -> 0 | O3: =SUMIFS(AtractivoSitios!$C:$C,AtractivoSitios!$A:$A,$A3,AtractivoSitios!$B:$B,O$2) -> 0 | P3: =SUMIFS(AtractivoSitios!$C:$C,AtractivoSitios!$A:$A,$A3,AtractivoSitios!$B:$B,P$2) -> 0 | Q3: =SUMIFS(AtractivoSitios!$C:$C,AtractivoSitios!$A:$A,$A3,AtractivoSitios!$B:$B,Q$2) -> 0 | R3: =SUMIFS(AtractivoSitios!$C:$C,AtractivoSitios!$A:$A,$A3,AtractivoSitios!$B:$B,R$2) -> 0 | S3: =SUMIFS(AtractivoSitios!$C:$C,AtractivoSitios!$A:$A,$A3,AtractivoSitios!$B:$B,S$2) -> 0 | T3: =SUM(M3:S3) -> 0 | U3: =C3/(AD$4+H3+$T3) -> 0.00019212852 | V3: =D3/(AE$4+I3+$T3) -> 5.5437853e-05 | W3: =E3/(AF$4+J3+$T3) -> 0.00031217797 | X3: =F3/(AG$4+K3+$T3) -> 1.7469273e-05 | Y3: =G3/(AH$4+L3+$T3) -> 1.083362e-05 | AC3: material | AD3: papel_carton | AE3: plastico | AF3: vidrio | AG3: metal | AH3: carton_liquidos
A4: Z2 | B4: =SUMIFS(Sectores!$C:$C,Sectores!$A:$A,$A4) -> 5671 | C4: =SUMIFS(Generacion!$C:$C,Generacion!$A:$A,$A4,Generacion!$B:$B,C$2) -> 0.043533877 | D4: =SUMIFS(Generacion!$C:$C,Generacion!$A:$A,$A4,Generacion!$B:$B,D$2) -> 0.037870933 | E4: =SUMIFS(Generacion!$C:$C,Generacion!$A:$A,$A4,Generacion!$B:$B,E$2) -> 0.01344949 | F4: =SUMIFS(Generacion!$C:$C,Generacion!$A:$A,$A4,Generacion!$B:$B,F$2) -> 0.0035393396 | G4: =SUMIFS(Generacion!$C:$C,Generacion!$A:$A,$A4,Generacion!$B:$B,G$2) -> 0.0024775377 | H4: =SUMPRODUCT((AtractivoAlternativas!$A$2:$A$931=$A4)*AtractivoAlternativas!$C$2:$C$931*COUNTIFS(Alternativas!$A$2:$A$51,AtractivoAlternativas!$B$2:$B$931,Alternativas!$B$2:$B$51,H$2)) -> 1.2218919 | I4: =SUMPRODUCT((AtractivoAlternativas!$A$2:$A$931=$A4)*AtractivoAlternativas!$C$2:$C$931*COUNTIFS(Alternativas!$A$2:$A$51,AtractivoAlternativas!$B$2:$B$931,Alternativas!$B$2:$B$51,I$2)) -> 3.3875471 | J4: =SUMPRODUCT((AtractivoAlternativas!$A$2:$A$931=$A4)*AtractivoAlternativas!$C$2:$C$931*COUNTIFS(Alternativas!$A$2:$A$51,AtractivoAlternativas!$B$2:$B$931,Alternativas!$B$2:$B$51,J$2)) -> 2.2900033 | K4: =SUMPRODUCT((AtractivoAlternativas!$A$2:$A$931=$A4)*AtractivoAlternativas!$C$2:$C$931*COUNTIFS(Alternativas!$A$2:$A$51,AtractivoAlternativas!$B$2:$B$931,Alternativas!$B$2:$B$51,K$2)) -> 0 | L4: =SUMPRODUCT((AtractivoAlternativas!$A$2:$A$931=$A4)*AtractivoAlternativas!$C$2:$C$931*COUNTIFS(Alternativas!$A$2:$A$51,AtractivoAlternativas!$B$2:$B$931,Alternativas!$B$2:$B$51,L$2)) -> 0 | M4: =SUMIFS(AtractivoSitios!$C:$C,AtractivoSitios!$A:$A,$A4,AtractivoSitios!$B:$B,M$2) -> 0 | N4: =SUMIFS(AtractivoSitios!$C:$C,AtractivoSitios!$A:$A,$A4,AtractivoSitios!$B:$B,N$2) -> 0 | O4: =SUMIFS(AtractivoSitios!$C:$C,AtractivoSitios!$A:$A,$A4,AtractivoSitios!$B:$B,O$2) -> 0 | P4: =SUMIFS(AtractivoSitios!$C:$C,AtractivoSitios!$A:$A,$A4,AtractivoSitios!$B:$B,P$2) -> 0 | Q4: =SUMIFS(AtractivoSitios!$C:$C,AtractivoSitios!$A:$A,$A4,AtractivoSitios!$B:$B,Q$2) -> 0 | R4: =SUMIFS(AtractivoSitios!$C:$C,AtractivoSitios!$A:$A,$A4,AtractivoSitios!$B:$B,R$2) -> 0 | S4: =SUMIFS(AtractivoSitios!$C:$C,AtractivoSitios!$A:$A,$A4,AtractivoSitios!$B:$B,S$2) -> 0 | T4: =SUM(M4:S4) -> 0 | U4: =C4/(AD$4+H4+$T4) -> 0.00019212237 | V4: =D4/(AE$4+I4+$T4) -> 5.5433371e-05 | W4: =E4/(AF$4+J4+$T4) -> 0.00031116477 | X4: =F4/(AG$4+K4+$T4) -> 1.7469273e-05 | Y4: =G4/(AH$4+L4+$T4) -> 1.083362e-05 | AC4: uN [-] | AD4: 225.37263 | AE4: 679.79179 | AF4: 40.933046 | AG4: 202.60371 | AH4: 228.68973
A5: Z3 | B5: =SUMIFS(Sectores!$C:$C,Sectores!$A:$A,$A5) -> 2170 | C5: =SUMIFS(Generacion!$C:$C,Generacion!$A:$A,$A5,Generacion!$B:$B,C$2) -> 0.043533877 | D5: =SUMIFS(Generacion!$C:$C,Generacion!$A:$A,$A5,Generacion!$B:$B,D$2) -> 0.037870933 | E5: =SUMIFS(Generacion!$C:$C,Generacion!$A:$A,$A5,Generacion!$B:$B,E$2) -> 0.01344949 | F5: =SUMIFS(Generacion!$C:$C,Generacion!$A:$A,$A5,Generacion!$B:$B,F$2) -> 0.0035393396 | G5: =SUMIFS(Generacion!$C:$C,Generacion!$A:$A,$A5,Generacion!$B:$B,G$2) -> 0.0024775377 | H5: =SUMPRODUCT((AtractivoAlternativas!$A$2:$A$931=$A5)*AtractivoAlternativas!$C$2:$C$931*COUNTIFS(Alternativas!$A$2:$A$51,AtractivoAlternativas!$B$2:$B$931,Alternativas!$B$2:$B$51,H$2)) -> 1.528021 | I5: =SUMPRODUCT((AtractivoAlternativas!$A$2:$A$931=$A5)*AtractivoAlternativas!$C$2:$C$931*COUNTIFS(Alternativas!$A$2:$A$51,AtractivoAlternativas!$B$2:$B$931,Alternativas!$B$2:$B$51,I$2)) -> 3.4775483 | J5: =SUMPRODUCT((AtractivoAlternativas!$A$2:$A$931=$A5)*AtractivoAlternativas!$C$2:$C$931*COUNTIFS(Alternativas!$A$2:$A$51,AtractivoAlternativas!$B$2:$B$931,Alternativas!$B$2:$B$51,J$2)) -> 0.96042002 | K5: =SUMPRODUCT((AtractivoAlternativas!$A$2:$A$931=$A5)*AtractivoAlternativas!$C$2:$C$931*COUNTIFS(Alternativas!$A$2:$A$51,AtractivoAlternativas!$B$2:$B$931,Alternativas!$B$2:$B$51,K$2)) -> 0 | L5: =SUMPRODUCT((AtractivoAlternativas!$A$2:$A$931=$A5)*AtractivoAlternativas!$C$2:$C$931*COUNTIFS(Alternativas!$A$2:$A$51,AtractivoAlternativas!$B$2:$B$931,Alternativas!$B$2:$B$51,L$2)) -> 0 | M5: =SUMIFS(AtractivoSitios!$C:$C,AtractivoSitios!$A:$A,$A5,AtractivoSitios!$B:$B,M$2) -> 0.48153799 | N5: =SUMIFS(AtractivoSitios!$C:$C,AtractivoSitios!$A:$A,$A5,AtractivoSitios!$B:$B,N$2) -> 0 | O5: =SUMIFS(AtractivoSitios!$C:$C,AtractivoSitios!$A:$A,$A5,AtractivoSitios!$B:$B,O$2) -> 0 | P5: =SUMIFS(AtractivoSitios!$C:$C,AtractivoSitios!$A:$A,$A5,AtractivoSitios!$B:$B,P$2) -> 0 | Q5: =SUMIFS(AtractivoSitios!$C:$C,AtractivoSitios!$A:$A,$A5,AtractivoSitios!$B:$B,Q$2) -> 0 | R5: =SUMIFS(AtractivoSitios!$C:$C,AtractivoSitios!$A:$A,$A5,AtractivoSitios!$B:$B,R$2) -> 0 | S5: =SUMIFS(AtractivoSitios!$C:$C,AtractivoSitios!$A:$A,$A5,AtractivoSitios!$B:$B,S$2) -> 0 | T5: =SUM(M5:S5) -> 0.48153799 | U5: =C5/(AD$4+H5+$T5) -> 0.00019145685 | V5: =D5/(AE$4+I5+$T5) -> 5.5387035e-05 | W5: =E5/(AF$4+J5+$T5) -> 0.00031739207 | X5: =F5/(AG$4+K5+$T5) -> 1.7427852e-05 | Y5: =G5/(AH$4+L5+$T5) -> 1.0810857e-05
A6: Z4 | B6: =SUMIFS(Sectores!$C:$C,Sectores!$A:$A,$A6) -> 1868 | C6: =SUMIFS(Generacion!$C:$C,Generacion!$A:$A,$A6,Generacion!$B:$B,C$2) -> 0.043533877 | D6: =SUMIFS(Generacion!$C:$C,Generacion!$A:$A,$A6,Generacion!$B:$B,D$2) -> 0.037870933 | E6: =SUMIFS(Generacion!$C:$C,Generacion!$A:$A,$A6,Generacion!$B:$B,E$2) -> 0.01344949 | F6: =SUMIFS(Generacion!$C:$C,Generacion!$A:$A,$A6,Generacion!$B:$B,F$2) -> 0.0035393396 | G6: =SUMIFS(Generacion!$C:$C,Generacion!$A:$A,$A6,Generacion!$B:$B,G$2) -> 0.0024775377 | H6: =SUMPRODUCT((AtractivoAlternativas!$A$2:$A$931=$A6)*AtractivoAlternativas!$C$2:$C$931*COUNTIFS(Alternativas!$A$2:$A$51,AtractivoAlternativas!$B$2:$B$931,Alternativas!$B$2:$B$51,H$2)) -> 1.8449962 | I6: =SUMPRODUCT((AtractivoAlternativas!$A$2:$A$931=$A6)*AtractivoAlternativas!$C$2:$C$931*COUNTIFS(Alternativas!$A$2:$A$51,AtractivoAlternativas!$B$2:$B$931,Alternativas!$B$2:$B$51,I$2)) -> 3.3422772 | J6: =SUMPRODUCT((AtractivoAlternativas!$A$2:$A$931=$A6)*AtractivoAlternativas!$C$2:$C$931*COUNTIFS(Alternativas!$A$2:$A$51,AtractivoAlternativas!$B$2:$B$931,Alternativas!$B$2:$B$51,J$2)) -> 1.5312186 | K6: =SUMPRODUCT((AtractivoAlternativas!$A$2:$A$931=$A6)*AtractivoAlternativas!$C$2:$C$931*COUNTIFS(Alternativas!$A$2:$A$51,AtractivoAlternativas!$B$2:$B$931,Alternativas!$B$2:$B$51,K$2)) -> 0 | L6: =SUMPRODUCT((AtractivoAlternativas!$A$2:$A$931=$A6)*AtractivoAlternativas!$C$2:$C$931*COUNTIFS(Alternativas!$A$2:$A$51,AtractivoAlternativas!$B$2:$B$931,Alternativas!$B$2:$B$51,L$2)) -> 0 | M6: =SUMIFS(AtractivoSitios!$C:$C,AtractivoSitios!$A:$A,$A6,AtractivoSitios!$B:$B,M$2) -> 0.3827932 | N6: =SUMIFS(AtractivoSitios!$C:$C,AtractivoSitios!$A:$A,$A6,AtractivoSitios!$B:$B,N$2) -> 0 | O6: =SUMIFS(AtractivoSitios!$C:$C,AtractivoSitios!$A:$A,$A6,AtractivoSitios!$B:$B,O$2) -> 0 | P6: =SUMIFS(AtractivoSitios!$C:$C,AtractivoSitios!$A:$A,$A6,AtractivoSitios!$B:$B,P$2) -> 0 | Q6: =SUMIFS(AtractivoSitios!$C:$C,AtractivoSitios!$A:$A,$A6,AtractivoSitios!$B:$B,Q$2) -> 0 | R6: =SUMIFS(AtractivoSitios!$C:$C,AtractivoSitios!$A:$A,$A6,AtractivoSitios!$B:$B,R$2) -> 0 | S6: =SUMIFS(AtractivoSitios!$C:$C,AtractivoSitios!$A:$A,$A6,AtractivoSitios!$B:$B,S$2) -> 0 | T6: =SUM(M6:S6) -> 0.3827932 | U6: =C6/(AD$4+H6+$T6) -> 0.00019127328 | V6: =D6/(AE$4+I6+$T6) -> 5.5405998e-05 | W6: =E6/(AF$4+J6+$T6) -> 0.0003138953 | X6: =F6/(AG$4+K6+$T6) -> 1.743633e-05 | Y6: =G6/(AH$4+L6+$T6) -> 1.0815517e-05 | AA6: punto | AB6: sitio | AC6: nombre | AD6: papel_carton modelo [ton/año] | AE6: plastico modelo [ton/año] | AF6: vidrio modelo [ton/año] | AG6: metal modelo [ton/año] | AH6: carton_liquidos modelo [ton/año] | AI6: total modelo [ton/año] | AJ6: total real 2023 [ton] | AK6: calibra [1/0] | AL6: error modelo − real [ton]
A7: Z5 | B7: =SUMIFS(Sectores!$C:$C,Sectores!$A:$A,$A7) -> 1511 | C7: =SUMIFS(Generacion!$C:$C,Generacion!$A:$A,$A7,Generacion!$B:$B,C$2) -> 0.043533877 | D7: =SUMIFS(Generacion!$C:$C,Generacion!$A:$A,$A7,Generacion!$B:$B,D$2) -> 0.037870933 | E7: =SUMIFS(Generacion!$C:$C,Generacion!$A:$A,$A7,Generacion!$B:$B,E$2) -> 0.01344949 | F7: =SUMIFS(Generacion!$C:$C,Generacion!$A:$A,$A7,Generacion!$B:$B,F$2) -> 0.0035393396 | G7: =SUMIFS(Generacion!$C:$C,Generacion!$A:$A,$A7,Generacion!$B:$B,G$2) -> 0.0024775377 | H7: =SUMPRODUCT((AtractivoAlternativas!$A$2:$A$931=$A7)*AtractivoAlternativas!$C$2:$C$931*COUNTIFS(Alternativas!$A$2:$A$51,AtractivoAlternativas!$B$2:$B$931,Alternativas!$B$2:$B$51,H$2)) -> 1.8767798 | I7: =SUMPRODUCT((AtractivoAlternativas!$A$2:$A$931=$A7)*AtractivoAlternativas!$C$2:$C$931*COUNTIFS(Alternativas!$A$2:$A$51,AtractivoAlternativas!$B$2:$B$931,Alternativas!$B$2:$B$51,I$2)) -> 3.454982 | J7: =SUMPRODUCT((AtractivoAlternativas!$A$2:$A$931=$A7)*AtractivoAlternativas!$C$2:$C$931*COUNTIFS(Alternativas!$A$2:$A$51,AtractivoAlternativas!$B$2:$B$931,Alternativas!$B$2:$B$51,J$2)) -> 1.5848776 | K7: =SUMPRODUCT((AtractivoAlternativas!$A$2:$A$931=$A7)*AtractivoAlternativas!$C$2:$C$931*COUNTIFS(Alternativas!$A$2:$A$51,AtractivoAlternativas!$B$2:$B$931,Alternativas!$B$2:$B$51,K$2)) -> 0 | L7: =SUMPRODUCT((AtractivoAlternativas!$A$2:$A$931=$A7)*AtractivoAlternativas!$C$2:$C$931*COUNTIFS(Alternativas!$A$2:$A$51,AtractivoAlternativas!$B$2:$B$931,Alternativas!$B$2:$B$51,L$2)) -> 0 | M7: =SUMIFS(AtractivoSitios!$C:$C,AtractivoSitios!$A:$A,$A7,AtractivoSitios!$B:$B,M$2) -> 0 | N7: =SUMIFS(AtractivoSitios!$C:$C,AtractivoSitios!$A:$A,$A7,AtractivoSitios!$B:$B,N$2) -> 0 | O7: =SUMIFS(AtractivoSitios!$C:$C,AtractivoSitios!$A:$A,$A7,AtractivoSitios!$B:$B,O$2) -> 0 | P7: =SUMIFS(AtractivoSitios!$C:$C,AtractivoSitios!$A:$A,$A7,AtractivoSitios!$B:$B,P$2) -> 0 | Q7: =SUMIFS(AtractivoSitios!$C:$C,AtractivoSitios!$A:$A,$A7,AtractivoSitios!$B:$B,Q$2) -> 0 | R7: =SUMIFS(AtractivoSitios!$C:$C,AtractivoSitios!$A:$A,$A7,AtractivoSitios!$B:$B,R$2) -> 0 | S7: =SUMIFS(AtractivoSitios!$C:$C,AtractivoSitios!$A:$A,$A7,AtractivoSitios!$B:$B,S$2) -> 0 | T7: =SUM(M7:S7) -> 0 | U7: =C7/(AD$4+H7+$T7) -> 0.00019156872 | V7: =D7/(AE$4+I7+$T7) -> 5.54279e-05 | W7: =E7/(AF$4+J7+$T7) -> 0.00031632519 | X7: =F7/(AG$4+K7+$T7) -> 1.7469273e-05 | Y7: =G7/(AH$4+L7+$T7) -> 1.083362e-05 | AA7: P1 | AB7: S1 | AC7: Juan de Dios Malebrán | AD7: =SUMPRODUCT($B$3:$B$144,U$3:U$144,M$3:M$144) -> 12.010602 | AE7: =SUMPRODUCT($B$3:$B$144,V$3:V$144,M$3:M$144) -> 3.4757058 | AF7: =SUMPRODUCT($B$3:$B$144,W$3:W$144,M$3:M$144) -> 19.830079 | AG7: =SUMPRODUCT($B$3:$B$144,X$3:X$144,M$3:M$144) -> 1.0920448 | AH7: =SUMPRODUCT($B$3:$B$144,Y$3:Y$144,M$3:M$144) -> 0.67760549 | AI7: =SUM(AD7:AH7) -> 37.086037 | AJ7: 51.6877 | AK7: 1 | AL7: =AI7-AJ7 -> -14.601663
A8: Z6 | B8: =SUMIFS(Sectores!$C:$C,Sectores!$A:$A,$A8) -> 3068 | C8: =SUMIFS(Generacion!$C:$C,Generacion!$A:$A,$A8,Generacion!$B:$B,C$2) -> 0.043533877 | D8: =SUMIFS(Generacion!$C:$C,Generacion!$A:$A,$A8,Generacion!$B:$B,D$2) -> 0.037870933 | E8: =SUMIFS(Generacion!$C:$C,Generacion!$A:$A,$A8,Generacion!$B:$B,E$2) -> 0.01344949 | F8: =SUMIFS(Generacion!$C:$C,Generacion!$A:$A,$A8,Generacion!$B:$B,F$2) -> 0.0035393396 | G8: =SUMIFS(Generacion!$C:$C,Generacion!$A:$A,$A8,Generacion!$B:$B,G$2) -> 0.0024775377 | H8: =SUMPRODUCT((AtractivoAlternativas!$A$2:$A$931=$A8)*AtractivoAlternativas!$C$2:$C$931*COUNTIFS(Alternativas!$A$2:$A$51,AtractivoAlternativas!$B$2:$B$931,Alternativas!$B$2:$B$51,H$2)) -> 1.3457005 | I8: =SUMPRODUCT((AtractivoAlternativas!$A$2:$A$931=$A8)*AtractivoAlternativas!$C$2:$C$931*COUNTIFS(Alternativas!$A$2:$A$51,AtractivoAlternativas!$B$2:$B$931,Alternativas!$B$2:$B$51,I$2)) -> 3.7203491 | J8: =SUMPRODUCT((AtractivoAlternativas!$A$2:$A$931=$A8)*AtractivoAlternativas!$C$2:$C$931*COUNTIFS(Alternativas!$A$2:$A$51,AtractivoAlternativas!$B$2:$B$931,Alternativas!$B$2:$B$51,J$2)) -> 2.3554696 | K8: =SUMPRODUCT((AtractivoAlternativas!$A$2:$A$931=$A8)*AtractivoAlternativas!$C$2:$C$931*COUNTIFS(Alternativas!$A$2:$A$51,AtractivoAlternativas!$B$2:$B$931,Alternativas!$B$2:$B$51,K$2)) -> 0 | L8: =SUMPRODUCT((AtractivoAlternativas!$A$2:$A$931=$A8)*AtractivoAlternativas!$C$2:$C$931*COUNTIFS(Alternativas!$A$2:$A$51,AtractivoAlternativas!$B$2:$B$931,Alternativas!$B$2:$B$51,L$2)) -> 0 | M8: =SUMIFS(AtractivoSitios!$C:$C,AtractivoSitios!$A:$A,$A8,AtractivoSitios!$B:$B,M$2) -> 0 | N8: =SUMIFS(AtractivoSitios!$C:$C,AtractivoSitios!$A:$A,$A8,AtractivoSitios!$B:$B,N$2) -> 0 | O8: =SUMIFS(AtractivoSitios!$C:$C,AtractivoSitios!$A:$A,$A8,AtractivoSitios!$B:$B,O$2) -> 0 | P8: =SUMIFS(AtractivoSitios!$C:$C,AtractivoSitios!$A:$A,$A8,AtractivoSitios!$B:$B,P$2) -> 0 | Q8: =SUMIFS(AtractivoSitios!$C:$C,AtractivoSitios!$A:$A,$A8,AtractivoSitios!$B:$B,Q$2) -> 0 | R8: =SUMIFS(AtractivoSitios!$C:$C,AtractivoSitios!$A:$A,$A8,AtractivoSitios!$B:$B,R$2) -> 0 | S8: =SUMIFS(AtractivoSitios!$C:$C,AtractivoSitios!$A:$A,$A8,AtractivoSitios!$B:$B,S$2) -> 0 | T8: =SUM(M8:S8) -> 0 | U8: =C8/(AD$4+H8+$T8) -> 0.00019201746 | V8: =D8/(AE$4+I8+$T8) -> 5.540638e-05 | W8: =E8/(AF$4+J8+$T8) -> 0.00031069419 | X8: =F8/(AG$4+K8+$T8) -> 1.7469273e-05 | Y8: =G8/(AH$4+L8+$T8) -> 1.083362e-05 | AA8: P2 | AB8: S2 | AC8: Los Toros | AD8: =SUMPRODUCT($B$3:$B$144,U$3:U$144,N$3:N$144) -> 10.089964 | AE8: =SUMPRODUCT($B$3:$B$144,V$3:V$144,N$3:N$144) -> 2.9129223 | AF8: =SUMPRODUCT($B$3:$B$144,W$3:W$144,N$3:N$144) -> 16.882196 | AG8: =SUMPRODUCT($B$3:$B$144,X$3:X$144,N$3:N$144) -> 0.912702 | AH8: =SUMPRODUCT($B$3:$B$144,Y$3:Y$144,N$3:N$144) -> 0.56627611 | AI8: =SUM(AD8:AH8) -> 31.36406 | AJ8: 48.8408 | AK8: 1 | AL8: =AI8-AJ8 -> -17.47674
A9: Z7 | B9: =SUMIFS(Sectores!$C:$C,Sectores!$A:$A,$A9) -> 3975 | C9: =SUMIFS(Generacion!$C:$C,Generacion!$A:$A,$A9,Generacion!$B:$B,C$2) -> 0.043533877 | D9: =SUMIFS(Generacion!$C:$C,Generacion!$A:$A,$A9,Generacion!$B:$B,D$2) -> 0.037870933 | E9: =SUMIFS(Generacion!$C:$C,Generacion!$A:$A,$A9,Generacion!$B:$B,E$2) -> 0.01344949 | F9: =SUMIFS(Generacion!$C:$C,Generacion!$A:$A,$A9,Generacion!$B:$B,F$2) -> 0.0035393396 | G9: =SUMIFS(Generacion!$C:$C,Generacion!$A:$A,$A9,Generacion!$B:$B,G$2) -> 0.0024775377 | H9: =SUMPRODUCT((AtractivoAlternativas!$A$2:$A$931=$A9)*AtractivoAlternativas!$C$2:$C$931*COUNTIFS(Alternativas!$A$2:$A$51,AtractivoAlternativas!$B$2:$B$931,Alternativas!$B$2:$B$51,H$2)) -> 0 | I9: =SUMPRODUCT((AtractivoAlternativas!$A$2:$A$931=$A9)*AtractivoAlternativas!$C$2:$C$931*COUNTIFS(Alternativas!$A$2:$A$51,AtractivoAlternativas!$B$2:$B$931,Alternativas!$B$2:$B$51,I$2)) -> 0.77012753 | J9: =SUMPRODUCT((AtractivoAlternativas!$A$2:$A$931=$A9)*AtractivoAlternativas!$C$2:$C$931*COUNTIFS(Alternativas!$A$2:$A$51,AtractivoAlternativas!$B$2:$B$931,Alternativas!$B$2:$B$51,J$2)) -> 0 | K9: =SUMPRODUCT((AtractivoAlternativas!$A$2:$A$931=$A9)*AtractivoAlternativas!$C$2:$C$931*COUNTIFS(Alternativas!$A$2:$A$51,AtractivoAlternativas!$B$2:$B$931,Alternativas!$B$2:$B$51,K$2)) -> 0 | L9: =SUMPRODUCT((AtractivoAlternativas!$A$2:$A$931=$A9)*AtractivoAlternativas!$C$2:$C$931*COUNTIFS(Alternativas!$A$2:$A$51,AtractivoAlternativas!$B$2:$B$931,Alternativas!$B$2:$B$51,L$2)) -> 0 | M9: =SUMIFS(AtractivoSitios!$C:$C,AtractivoSitios!$A:$A,$A9,AtractivoSitios!$B:$B,M$2) -> 0 | N9: =SUMIFS(AtractivoSitios!$C:$C,AtractivoSitios!$A:$A,$A9,AtractivoSitios!$B:$B,N$2) -> 0.37898048 | O9: =SUMIFS(AtractivoSitios!$C:$C,AtractivoSitios!$A:$A,$A9,AtractivoSitios!$B:$B,O$2) -> 0 | P9: =SUMIFS(AtractivoSitios!$C:$C,AtractivoSitios!$A:$A,$A9,AtractivoSitios!$B:$B,P$2) -> 0 | Q9: =SUMIFS(AtractivoSitios!$C:$C,AtractivoSitios!$A:$A,$A9,AtractivoSitios!$B:$B,Q$2) -> 0 | R9: =SUMIFS(AtractivoSitios!$C:$C,AtractivoSitios!$A:$A,$A9,AtractivoSitios!$B:$B,R$2) -> 0 | S9: =SUMIFS(AtractivoSitios!$C:$C,AtractivoSitios!$A:$A,$A9,AtractivoSitios!$B:$B,S$2) -> 0 | T9: =SUM(M9:S9) -> 0.37898048 | U9: =C9/(AD$4+H9+$T9) -> 0.00019283972 | V9: =D9/(AE$4+I9+$T9) -> 5.5615596e-05 | W9: =E9/(AF$4+J9+$T9) -> 0.00032555871 | X9: =F9/(AG$4+K9+$T9) -> 1.7436657e-05 | Y9: =G9/(AH$4+L9+$T9) -> 1.0815697e-05 | AA9: P3 | AB9: S3 | AC9: Creta | AD9: =SUMPRODUCT($B$3:$B$144,U$3:U$144,O$3:O$144) -> 7.0863181 | AE9: =SUMPRODUCT($B$3:$B$144,V$3:V$144,O$3:O$144) -> 2.0471772 | AF9: =SUMPRODUCT($B$3:$B$144,W$3:W$144,O$3:O$144) -> 11.826051 | AG9: =SUMPRODUCT($B$3:$B$144,X$3:X$144,O$3:O$144) -> 0.64294205 | AH9: =SUMPRODUCT($B$3:$B$144,Y$3:Y$144,O$3:O$144) -> 0.39887574 | AI9: =SUM(AD9:AH9) -> 22.001364 | AJ9: 19.9851 | AK9: 1 | AL9: =AI9-AJ9 -> 2.0162637
A10: Z8 | B10: =SUMIFS(Sectores!$C:$C,Sectores!$A:$A,$A10) -> 3739 | C10: =SUMIFS(Generacion!$C:$C,Generacion!$A:$A,$A10,Generacion!$B:$B,C$2) -> 0.043533877 | D10: =SUMIFS(Generacion!$C:$C,Generacion!$A:$A,$A10,Generacion!$B:$B,D$2) -> 0.037870933 | E10: =SUMIFS(Generacion!$C:$C,Generacion!$A:$A,$A10,Generacion!$B:$B,E$2) -> 0.01344949 | F10: =SUMIFS(Generacion!$C:$C,Generacion!$A:$A,$A10,Generacion!$B:$B,F$2) -> 0.0035393396 | G10: =SUMIFS(Generacion!$C:$C,Generacion!$A:$A,$A10,Generacion!$B:$B,G$2) -> 0.0024775377 | H10: =SUMPRODUCT((AtractivoAlternativas!$A$2:$A$931=$A10)*AtractivoAlternativas!$C$2:$C$931*COUNTIFS(Alternativas!$A$2:$A$51,AtractivoAlternativas!$B$2:$B$931,Alternativas!$B$2:$B$51,H$2)) -> 0 | I10: =SUMPRODUCT((AtractivoAlternativas!$A$2:$A$931=$A10)*AtractivoAlternativas!$C$2:$C$931*COUNTIFS(Alternativas!$A$2:$A$51,AtractivoAlternativas!$B$2:$B$931,Alternativas!$B$2:$B$51,I$2)) -> 0 | J10: =SUMPRODUCT((AtractivoAlternativas!$A$2:$A$931=$A10)*AtractivoAlternativas!$C$2:$C$931*COUNTIFS(Alternativas!$A$2:$A$51,AtractivoAlternativas!$B$2:$B$931,Alternativas!$B$2:$B$51,J$2)) -> 0 | K10: =SUMPRODUCT((AtractivoAlternativas!$A$2:$A$931=$A10)*AtractivoAlternativas!$C$2:$C$931*COUNTIFS(Alternativas!$A$2:$A$51,AtractivoAlternativas!$B$2:$B$931,Alternativas!$B$2:$B$51,K$2)) -> 0 | L10: =SUMPRODUCT((AtractivoAlternativas!$A$2:$A$931=$A10)*AtractivoAlternativas!$C$2:$C$931*COUNTIFS(Alternativas!$A$2:$A$51,AtractivoAlternativas!$B$2:$B$931,Alternativas!$B$2:$B$51,L$2)) -> 0 | M10: =SUMIFS(AtractivoSitios!$C:$C,AtractivoSitios!$A:$A,$A10,AtractivoSitios!$B:$B,M$2) -> 0 | N10: =SUMIFS(AtractivoSitios!$C:$C,AtractivoSitios!$A:$A,$A10,AtractivoSitios!$B:$B,N$2) -> 0.42147184 | O10: =SUMIFS(AtractivoSitios!$C:$C,AtractivoSitios!$A:$A,$A10,AtractivoSitios!$B:$B,O$2) -> 0 | P10: =SUMIFS(AtractivoSitios!$C:$C,AtractivoSitios!$A:$A,$A10,AtractivoSitios!$B:$B,P$2) -> 0 | Q10: =SUMIFS(AtractivoSitios!$C:$C,AtractivoSitios!$A:$A,$A10,AtractivoSitios!$B:$B,Q$2) -> 0 | R10: =SUMIFS(AtractivoSitios!$C:$C,AtractivoSitios!$A:$A,$A10,AtractivoSitios!$B:$B,R$2) -> 0 | S10: =SUMIFS(AtractivoSitios!$C:$C,AtractivoSitios!$A:$A,$A10,AtractivoSitios!$B:$B,S$2) -> 0 | T10: =SUM(M10:S10) -> 0.42147184 | U10: =C10/(AD$4+H10+$T10) -> 0.00019280343 | V10: =D10/(AE$4+I10+$T10) -> 5.5675089e-05 | W10: =E10/(AF$4+J10+$T10) -> 0.00032522421 | X10: =F10/(AG$4+K10+$T10) -> 1.7433008e-05 | Y10: =G10/(AH$4+L10+$T10) -> 1.0813691e-05 | AA10: P4 | AB10: S4 | AC10: Los Evangelistas | AD10: =SUMPRODUCT($B$3:$B$144,U$3:U$144,P$3:P$144) -> 8.4751015 | AE10: =SUMPRODUCT($B$3:$B$144,V$3:V$144,P$3:P$144) -> 2.4490003 | AF10: =SUMPRODUCT($B$3:$B$144,W$3:W$144,P$3:P$144) -> 14.084407 | AG10: =SUMPRODUCT($B$3:$B$144,X$3:X$144,P$3:P$144) -> 0.77038173 | AH10: =SUMPRODUCT($B$3:$B$144,Y$3:Y$144,P$3:P$144) -> 0.47797027 | AI10: =SUM(AD10:AH10) -> 26.256861 | AJ10: 13.3571 | AK10: 1 | AL10: =AI10-AJ10 -> 12.899761
A11: Z9 | B11: =SUMIFS(Sectores!$C:$C,Sectores!$A:$A,$A11) -> 1825 | C11: =SUMIFS(Generacion!$C:$C,Generacion!$A:$A,$A11,Generacion!$B:$B,C$2) -> 0.043533877 | D11: =SUMIFS(Generacion!$C:$C,Generacion!$A:$A,$A11,Generacion!$B:$B,D$2) -> 0.037870933 | E11: =SUMIFS(Generacion!$C:$C,Generacion!$A:$A,$A11,Generacion!$B:$B,E$2) -> 0.01344949 | F11: =SUMIFS(Generacion!$C:$C,Generacion!$A:$A,$A11,Generacion!$B:$B,F$2) -> 0.0035393396 | G11: =SUMIFS(Generacion!$C:$C,Generacion!$A:$A,$A11,Generacion!$B:$B,G$2) -> 0.0024775377 | H11: =SUMPRODUCT((AtractivoAlternativas!$A$2:$A$931=$A11)*AtractivoAlternativas!$C$2:$C$931*COUNTIFS(Alternativas!$A$2:$A$51,AtractivoAlternativas!$B$2:$B$931,Alternativas!$B$2:$B$51,H$2)) -> 0 | I11: =SUMPRODUCT((AtractivoAlternativas!$A$2:$A$931=$A11)*AtractivoAlternativas!$C$2:$C$931*COUNTIFS(Alternativas!$A$2:$A$51,AtractivoAlternativas!$B$2:$B$931,Alternativas!$B$2:$B$51,I$2)) -> 0.795907 | J11: =SUMPRODUCT((AtractivoAlternativas!$A$2:$A$931=$A11)*AtractivoAlternativas!$C$2:$C$931*COUNTIFS(Alternativas!$A$2:$A$51,AtractivoAlternativas!$B$2:$B$931,Alternativas!$B$2:$B$51,J$2)) -> 0 | K11: =SUMPRODUCT((AtractivoAlternativas!$A$2:$A$931=$A11)*AtractivoAlternativas!$C$2:$C$931*COUNTIFS(Alternativas!$A$2:$A$51,AtractivoAlternativas!$B$2:$B$931,Alternativas!$B$2:$B$51,K$2)) -> 0 | L11: =SUMPRODUCT((AtractivoAlternativas!$A$2:$A$931=$A11)*AtractivoAlternativas!$C$2:$C$931*COUNTIFS(Alternativas!$A$2:$A$51,AtractivoAlternativas!$B$2:$B$931,Alternativas!$B$2:$B$51,L$2)) -> 0 | M11: =SUMIFS(AtractivoSitios!$C:$C,AtractivoSitios!$A:$A,$A11,AtractivoSitios!$B:$B,M$2) -> 0 | N11: =SUMIFS(AtractivoSitios!$C:$C,AtractivoSitios!$A:$A,$A11,AtractivoSitios!$B:$B,N$2) -> 0.51012989 | O11: =SUMIFS(AtractivoSitios!$C:$C,AtractivoSitios!$A:$A,$A11,AtractivoSitios!$B:$B,O$2) -> 0 | P11: =SUMIFS(AtractivoSitios!$C:$C,AtractivoSitios!$A:$A,$A11,AtractivoSitios!$B:$B,P$2) -> 0 | Q11: =SUMIFS(AtractivoSitios!$C:$C,AtractivoSitios!$A:$A,$A11,AtractivoSitios!$B:$B,Q$2) -> 0.5520382 | R11: =SUMIFS(AtractivoSitios!$C:$C,AtractivoSitios!$A:$A,$A11,AtractivoSitios!$B:$B,R$2) -> 0 | S11: =SUMIFS(AtractivoSitios!$C:$C,AtractivoSitios!$A:$A,$A11,AtractivoSitios!$B:$B,S$2) -> 0 | T11: =SUM(M11:S11) -> 1.0621681 | U11: =C11/(AD$4+H11+$T11) -> 0.0001922579 | V11: =D11/(AE$4+I11+$T11) -> 5.5557751e-05 | W11: =E11/(AF$4+J11+$T11) -> 0.00032026245 | X11: =F11/(AG$4+K11+$T11) -> 1.7378167e-05 | Y11: =G11/(AH$4+L11+$T11) -> 1.0783535e-05 | AA11: P5 | AB11: S5 | AC11: Don Ramón | AD11: =SUMPRODUCT($B$3:$B$144,U$3:U$144,Q$3:Q$144) -> 13.712148 | AE11: =SUMPRODUCT($B$3:$B$144,V$3:V$144,Q$3:Q$144) -> 3.9619872 | AF11: =SUMPRODUCT($B$3:$B$144,W$3:W$144,Q$3:Q$144) -> 22.699642 | AG11: =SUMPRODUCT($B$3:$B$144,X$3:X$144,Q$3:Q$144) -> 1.2426533 | AH11: =SUMPRODUCT($B$3:$B$144,Y$3:Y$144,Q$3:Q$144) -> 0.77098108 | AI11: =SUM(AD11:AH11) -> 42.387411 | AJ11: 29.0401 | AK11: 1 | AL11: =AI11-AJ11 -> 13.347311
A12: Z10 | B12: =SUMIFS(Sectores!$C:$C,Sectores!$A:$A,$A12) -> 4171 | C12: =SUMIFS(Generacion!$C:$C,Generacion!$A:$A,$A12,Generacion!$B:$B,C$2) -> 0.043533877 | D12: =SUMIFS(Generacion!$C:$C,Generacion!$A:$A,$A12,Generacion!$B:$B,D$2) -> 0.037870933 | E12: =SUMIFS(Generacion!$C:$C,Generacion!$A:$A,$A12,Generacion!$B:$B,E$2) -> 0.01344949 | F12: =SUMIFS(Generacion!$C:$C,Generacion!$A:$A,$A12,Generacion!$B:$B,F$2) -> 0.0035393396 | G12: =SUMIFS(Generacion!$C:$C,Generacion!$A:$A,$A12,Generacion!$B:$B,G$2) -> 0.0024775377 | H12: =SUMPRODUCT((AtractivoAlternativas!$A$2:$A$931=$A12)*AtractivoAlternativas!$C$2:$C$931*COUNTIFS(Alternativas!$A$2:$A$51,AtractivoAlternativas!$B$2:$B$931,Alternativas!$B$2:$B$51,H$2)) -> 0 | I12: =SUMPRODUCT((AtractivoAlternativas!$A$2:$A$931=$A12)*AtractivoAlternativas!$C$2:$C$931*COUNTIFS(Alternativas!$A$2:$A$51,AtractivoAlternativas!$B$2:$B$931,Alternativas!$B$2:$B$51,I$2)) -> 0.6181238 | J12: =SUMPRODUCT((AtractivoAlternativas!$A$2:$A$931=$A12)*AtractivoAlternativas!$C$2:$C$931*COUNTIFS(Alternativas!$A$2:$A$51,AtractivoAlternativas!$B$2:$B$931,Alternativas!$B$2:$B$51,J$2)) -> 0 | K12: =SUMPRODUCT((AtractivoAlternativas!$A$2:$A$931=$A12)*AtractivoAlternativas!$C$2:$C$931*COUNTIFS(Alternativas!$A$2:$A$51,AtractivoAlternativas!$B$2:$B$931,Alternativas!$B$2:$B$51,K$2)) -> 0 | L12: =SUMPRODUCT((AtractivoAlternativas!$A$2:$A$931=$A12)*AtractivoAlternativas!$C$2:$C$931*COUNTIFS(Alternativas!$A$2:$A$51,AtractivoAlternativas!$B$2:$B$931,Alternativas!$B$2:$B$51,L$2)) -> 0 | M12: =SUMIFS(AtractivoSitios!$C:$C,AtractivoSitios!$A:$A,$A12,AtractivoSitios!$B:$B,M$2) -> 0 | N12: =SUMIFS(AtractivoSitios!$C:$C,AtractivoSitios!$A:$A,$A12,AtractivoSitios!$B:$B,N$2) -> 0.53102327 | O12: =SUMIFS(AtractivoSitios!$C:$C,AtractivoSitios!$A:$A,$A12,AtractivoSitios!$B:$B,O$2) -> 0 | P12: =SUMIFS(AtractivoSitios!$C:$C,AtractivoSitios!$A:$A,$A12,AtractivoSitios!$B:$B,P$2) -> 0 | Q12: =SUMIFS(AtractivoSitios!$C:$C,AtractivoSitios!$A:$A,$A12,AtractivoSitios!$B:$B,Q$2) -> 0 | R12: =SUMIFS(AtractivoSitios!$C:$C,AtractivoSitios!$A:$A,$A12,AtractivoSitios!$B:$B,R$2) -> 0 | S12: =SUMIFS(AtractivoSitios!$C:$C,AtractivoSitios!$A:$A,$A12,AtractivoSitios!$B:$B,S$2) -> 0 | T12: =SUM(M12:S12) -> 0.53102327 | U12: =C12/(AD$4+H12+$T12) -> 0.00019270993 | V12: =D12/(AE$4+I12+$T12) -> 5.5615592e-05 | W12: =E12/(AF$4+J12+$T12) -> 0.00032436494 | X12: =F12/(AG$4+K12+$T12) -> 1.7423606e-05 | Y12: =G12/(AH$4+L12+$T12) -> 1.0808523e-05 | AA12: P6 | AB12: S6 | AC12: Madre Tierra | AD12: =SUMPRODUCT($B$3:$B$144,U$3:U$144,R$3:R$144) -> 11.244909 | AE12: =SUMPRODUCT($B$3:$B$144,V$3:V$144,R$3:R$144) -> 3.2639023 | AF12: =SUMPRODUCT($B$3:$B$144,W$3:W$144,R$3:R$144) -> 18.383666 | AG12: =SUMPRODUCT($B$3:$B$144,X$3:X$144,R$3:R$144) -> 1.0236734 | AH12: =SUMPRODUCT($B$3:$B$144,Y$3:Y$144,R$3:R$144) -> 0.63531542 | AI12: =SUM(AD12:AH12) -> 34.551467 | AJ12: 30.7364 | AK12: 1 | AL12: =AI12-AJ12 -> 3.8150666
A13: Z11 | B13: =SUMIFS(Sectores!$C:$C,Sectores!$A:$A,$A13) -> 2572 | C13: =SUMIFS(Generacion!$C:$C,Generacion!$A:$A,$A13,Generacion!$B:$B,C$2) -> 0.043533877 | D13: =SUMIFS(Generacion!$C:$C,Generacion!$A:$A,$A13,Generacion!$B:$B,D$2) -> 0.037870933 | E13: =SUMIFS(Generacion!$C:$C,Generacion!$A:$A,$A13,Generacion!$B:$B,E$2) -> 0.01344949 | F13: =SUMIFS(Generacion!$C:$C,Generacion!$A:$A,$A13,Generacion!$B:$B,F$2) -> 0.0035393396 | G13: =SUMIFS(Generacion!$C:$C,Generacion!$A:$A,$A13,Generacion!$B:$B,G$2) -> 0.0024775377 | H13: =SUMPRODUCT((AtractivoAlternativas!$A$2:$A$931=$A13)*AtractivoAlternativas!$C$2:$C$931*COUNTIFS(Alternativas!$A$2:$A$51,AtractivoAlternativas!$B$2:$B$931,Alternativas!$B$2:$B$51,H$2)) -> 0 | I13: =SUMPRODUCT((AtractivoAlternativas!$A$2:$A$931=$A13)*AtractivoAlternativas!$C$2:$C$931*COUNTIFS(Alternativas!$A$2:$A$51,AtractivoAlternativas!$B$2:$B$931,Alternativas!$B$2:$B$51,I$2)) -> 0.88566906 | J13: =SUMPRODUCT((AtractivoAlternativas!$A$2:$A$931=$A13)*AtractivoAlternativas!$C$2:$C$931*COUNTIFS(Alternativas!$A$2:$A$51,AtractivoAlternativas!$B$2:$B$931,Alternativas!$B$2:$B$51,J$2)) -> 0 | K13: =SUMPRODUCT((AtractivoAlternativas!$A$2:$A$931=$A13)*AtractivoAlternativas!$C$2:$C$931*COUNTIFS(Alternativas!$A$2:$A$51,AtractivoAlternativas!$B$2:$B$931,Alternativas!$B$2:$B$51,K$2)) -> 0 | L13: =SUMPRODUCT((AtractivoAlternativas!$A$2:$A$931=$A13)*AtractivoAlternativas!$C$2:$C$931*COUNTIFS(Alternativas!$A$2:$A$51,AtractivoAlternativas!$B$2:$B$931,Alternativas!$B$2:$B$51,L$2)) -> 0 | M13: =SUMIFS(AtractivoSitios!$C:$C,AtractivoSitios!$A:$A,$A13,AtractivoSitios!$B:$B,M$2) -> 0 | N13: =SUMIFS(AtractivoSitios!$C:$C,AtractivoSitios!$A:$A,$A13,AtractivoSitios!$B:$B,N$2) -> 0.76924544 | O13: =SUMIFS(AtractivoSitios!$C:$C,AtractivoSitios!$A:$A,$A13,AtractivoSitios!$B:$B,O$2) -> 0 | P13: =SUMIFS(AtractivoSitios!$C:$C,AtractivoSitios!$A:$A,$A13,AtractivoSitios!$B:$B,P$2) -> 0 | Q13: =SUMIFS(AtractivoSitios!$C:$C,AtractivoSitios!$A:$A,$A13,AtractivoSitios!$B:$B,Q$2) -> 0 | R13: =SUMIFS(AtractivoSitios!$C:$C,AtractivoSitios!$A:$A,$A13,AtractivoSitios!$B:$B,R$2) -> 0 | S13: =SUMIFS(AtractivoSitios!$C:$C,AtractivoSitios!$A:$A,$A13,AtractivoSitios!$B:$B,S$2) -> 0 | T13: =SUM(M13:S13) -> 0.76924544 | U13: =C13/(AD$4+H13+$T13) -> 0.00019250693 | V13: =D13/(AE$4+I13+$T13) -> 5.5574315e-05 | W13: =E13/(AF$4+J13+$T13) -> 0.00032251202 | X13: =F13/(AG$4+K13+$T13) -> 1.7403197e-05 | Y13: =G13/(AH$4+L13+$T13) -> 1.0797301e-05 | AA13: P7 | AB13: S7 | AC13: Santa Faustina | AD13: =SUMPRODUCT($B$3:$B$144,U$3:U$144,S$3:S$144) -> 10.65232 | AE13: =SUMPRODUCT($B$3:$B$144,V$3:V$144,S$3:S$144) -> 3.0887284 | AF13: =SUMPRODUCT($B$3:$B$144,W$3:W$144,S$3:S$144) -> 17.366048 | AG13: =SUMPRODUCT($B$3:$B$144,X$3:X$144,S$3:S$144) -> 0.96977329 | AH13: =SUMPRODUCT($B$3:$B$144,Y$3:Y$144,S$3:S$144) -> 0.60180742 | AI13: =SUM(AD13:AH13) -> 32.678677 | AJ13: 5.1816 | AK13: 0 | AL13: =AI13-AJ13 -> 27.497077
A14: Z12 | B14: =SUMIFS(Sectores!$C:$C,Sectores!$A:$A,$A14) -> 5622 | C14: =SUMIFS(Generacion!$C:$C,Generacion!$A:$A,$A14,Generacion!$B:$B,C$2) -> 0.043533877 | D14: =SUMIFS(Generacion!$C:$C,Generacion!$A:$A,$A14,Generacion!$B:$B,D$2) -> 0.037870933 | E14: =SUMIFS(Generacion!$C:$C,Generacion!$A:$A,$A14,Generacion!$B:$B,E$2) -> 0.01344949 | F14: =SUMIFS(Generacion!$C:$C,Generacion!$A:$A,$A14,Generacion!$B:$B,F$2) -> 0.0035393396 | G14: =SUMIFS(Generacion!$C:$C,Generacion!$A:$A,$A14,Generacion!$B:$B,G$2) -> 0.0024775377 | H14: =SUMPRODUCT((AtractivoAlternativas!$A$2:$A$931=$A14)*AtractivoAlternativas!$C$2:$C$931*COUNTIFS(Alternativas!$A$2:$A$51,AtractivoAlternativas!$B$2:$B$931,Alternativas!$B$2:$B$51,H$2)) -> 0 | I14: =SUMPRODUCT((AtractivoAlternativas!$A$2:$A$931=$A14)*AtractivoAlternativas!$C$2:$C$931*COUNTIFS(Alternativas!$A$2:$A$51,AtractivoAlternativas!$B$2:$B$931,Alternativas!$B$2:$B$51,I$2)) -> 0 | J14: =SUMPRODUCT((AtractivoAlternativas!$A$2:$A$931=$A14)*AtractivoAlternativas!$C$2:$C$931*COUNTIFS(Alternativas!$A$2:$A$51,AtractivoAlternativas!$B$2:$B$931,Alternativas!$B$2:$B$51,J$2)) -> 0 | K14: =SUMPRODUCT((AtractivoAlternativas!$A$2:$A$931=$A14)*AtractivoAlternativas!$C$2:$C$931*COUNTIFS(Alternativas!$A$2:$A$51,AtractivoAlternativas!$B$2:$B$931,Alternativas!$B$2:$B$51,K$2)) -> 0 | L14: =SUMPRODUCT((AtractivoAlternativas!$A$2:$A$931=$A14)*AtractivoAlternativas!$C$2:$C$931*COUNTIFS(Alternativas!$A$2:$A$51,AtractivoAlternativas!$B$2:$B$931,Alternativas!$B$2:$B$51,L$2)) -> 0 | M14: =SUMIFS(AtractivoSitios!$C:$C,AtractivoSitios!$A:$A,$A14,AtractivoSitios!$B:$B,M$2) -> 0 | N14: =SUMIFS(AtractivoSitios!$C:$C,AtractivoSitios!$A:$A,$A14,AtractivoSitios!$B:$B,N$2) -> 0.48081444 | O14: =SUMIFS(AtractivoSitios!$C:$C,AtractivoSitios!$A:$A,$A14,AtractivoSitios!$B:$B,O$2) -> 0 | P14: =SUMIFS(AtractivoSitios!$C:$C,AtractivoSitios!$A:$A,$A14,AtractivoSitios!$B:$B,P$2) -> 0 | Q14: =SUMIFS(AtractivoSitios!$C:$C,AtractivoSitios!$A:$A,$A14,AtractivoSitios!$B:$B,Q$2) -> 0.37526802 | R14: =SUMIFS(AtractivoSitios!$C:$C,AtractivoSitios!$A:$A,$A14,AtractivoSitios!$B:$B,R$2) -> 0 | S14: =SUMIFS(AtractivoSitios!$C:$C,AtractivoSitios!$A:$A,$A14,AtractivoSitios!$B:$B,S$2) -> 0 | T14: =SUM(M14:S14) -> 0.85608246 | U14: =C14/(AD$4+H14+$T14) -> 0.00019243303 | V14: =D14/(AE$4+I14+$T14) -> 5.5639539e-05 | W14: =E14/(AF$4+J14+$T14) -> 0.00032184185 | X14: =F14/(AG$4+K14+$T14) -> 1.7395769e-05 | Y14: =G14/(AH$4+L14+$T14) -> 1.0793217e-05 | AC14: Modelo, puntos que calibran [t] | AD14: =SUMPRODUCT(AD7:AD13,$AK$7:$AK$13) -> 62.619043 | AE14: =SUMPRODUCT(AE7:AE13,$AK$7:$AK$13) -> 18.110695 | AF14: =SUMPRODUCT(AF7:AF13,$AK$7:$AK$13) -> 103.70604 | AG14: =SUMPRODUCT(AG7:AG13,$AK$7:$AK$13) -> 5.6843972 | AH14: =SUMPRODUCT(AH7:AH13,$AK$7:$AK$13) -> 3.5270241 | AI14: =SUMPRODUCT(AI7:AI13,$AK$7:$AK$13) -> 193.6472 | AJ14: =SUMPRODUCT(AJ7:AJ13,$AK$7:$AK$13) -> 193.6472 | AL14: =SUMPRODUCT(ABS(AL7:AL13),AK7:AK13) -> 64.156805 | AM14: error absoluto total de los puntos que calibran [t]
A15: Z13 | B15: =SUMIFS(Sectores!$C:$C,Sectores!$A:$A,$A15) -> 2139 | C15: =SUMIFS(Generacion!$C:$C,Generacion!$A:$A,$A15,Generacion!$B:$B,C$2) -> 0.043533877 | D15: =SUMIFS(Generacion!$C:$C,Generacion!$A:$A,$A15,Generacion!$B:$B,D$2) -> 0.037870933 | E15: =SUMIFS(Generacion!$C:$C,Generacion!$A:$A,$A15,Generacion!$B:$B,E$2) -> 0.01344949 | F15: =SUMIFS(Generacion!$C:$C,Generacion!$A:$A,$A15,Generacion!$B:$B,F$2) -> 0.0035393396 | G15: =SUMIFS(Generacion!$C:$C,Generacion!$A:$A,$A15,Generacion!$B:$B,G$2) -> 0.0024775377 | H15: =SUMPRODUCT((AtractivoAlternativas!$A$2:$A$931=$A15)*AtractivoAlternativas!$C$2:$C$931*COUNTIFS(Alternativas!$A$2:$A$51,AtractivoAlternativas!$B$2:$B$931,Alternativas!$B$2:$B$51,H$2)) -> 0 | I15: =SUMPRODUCT((AtractivoAlternativas!$A$2:$A$931=$A15)*AtractivoAlternativas!$C$2:$C$931*COUNTIFS(Alternativas!$A$2:$A$51,AtractivoAlternativas!$B$2:$B$931,Alternativas!$B$2:$B$51,I$2)) -> 0.4249167 | J15: =SUMPRODUCT((AtractivoAlternativas!$A$2:$A$931=$A15)*AtractivoAlternativas!$C$2:$C$931*COUNTIFS(Alternativas!$A$2:$A$51,AtractivoAlternativas!$B$2:$B$931,Alternativas!$B$2:$B$51,J$2)) -> 0 | K15: =SUMPRODUCT((AtractivoAlternativas!$A$2:$A$931=$A15)*AtractivoAlternativas!$C$2:$C$931*COUNTIFS(Alternativas!$A$2:$A$51,AtractivoAlternativas!$B$2:$B$931,Alternativas!$B$2:$B$51,K$2)) -> 0 | L15: =SUMPRODUCT((AtractivoAlternativas!$A$2:$A$931=$A15)*AtractivoAlternativas!$C$2:$C$931*COUNTIFS(Alternativas!$A$2:$A$51,AtractivoAlternativas!$B$2:$B$931,Alternativas!$B$2:$B$51,L$2)) -> 0 | M15: =SUMIFS(AtractivoSitios!$C:$C,AtractivoSitios!$A:$A,$A15,AtractivoSitios!$B:$B,M$2) -> 0 | N15: =SUMIFS(AtractivoSitios!$C:$C,AtractivoSitios!$A:$A,$A15,AtractivoSitios!$B:$B,N$2) -> 0.66419732 | O15: =SUMIFS(AtractivoSitios!$C:$C,AtractivoSitios!$A:$A,$A15,AtractivoSitios!$B:$B,O$2) -> 0 | P15: =SUMIFS(AtractivoSitios!$C:$C,AtractivoSitios!$A:$A,$A15,AtractivoSitios!$B:$B,P$2) -> 0 | Q15: =SUMIFS(AtractivoSitios!$C:$C,AtractivoSitios!$A:$A,$A15,AtractivoSitios!$B:$B,Q$2) -> 0.45872215 | R15: =SUMIFS(AtractivoSitios!$C:$C,AtractivoSitios!$A:$A,$A15,AtractivoSitios!$B:$B,R$2) -> 0 | S15: =SUMIFS(AtractivoSitios!$C:$C,AtractivoSitios!$A:$A,$A15,AtractivoSitios!$B:$B,S$2) -> 0 | T15: =SUM(M15:S15) -> 1.1229195 | U15: =C15/(AD$4+H15+$T15) -> 0.00019220633 | V15: =D15/(AE$4+I15+$T15) -> 5.5583049e-05 | W15: =E15/(AF$4+J15+$T15) -> 0.00031979982 | X15: =F15/(AG$4+K15+$T15) -> 1.7372985e-05 | Y15: =G15/(AH$4+L15+$T15) -> 1.0780685e-05 | AC15: Real 2023, 7 puntos [t] | AD15: 64.2946 | AE15: 18.5953 | AF15: 106.481 | AG15: 5.8365 | AH15: 3.6214 | AI15: =SUM(AD15:AH15) -> 198.8288
A16: Z14 | B16: =SUMIFS(Sectores!$C:$C,Sectores!$A:$A,$A16) -> 5940 | C16: =SUMIFS(Generacion!$C:$C,Generacion!$A:$A,$A16,Generacion!$B:$B,C$2) -> 0.043533877 | D16: =SUMIFS(Generacion!$C:$C,Generacion!$A:$A,$A16,Generacion!$B:$B,D$2) -> 0.037870933 | E16: =SUMIFS(Generacion!$C:$C,Generacion!$A:$A,$A16,Generacion!$B:$B,E$2) -> 0.01344949 | F16: =SUMIFS(Generacion!$C:$C,Generacion!$A:$A,$A16,Generacion!$B:$B,F$2) -> 0.0035393396 | G16: =SUMIFS(Generacion!$C:$C,Generacion!$A:$A,$A16,Generacion!$B:$B,G$2) -> 0.0024775377 | H16: =SUMPRODUCT((AtractivoAlternativas!$A$2:$A$931=$A16)*AtractivoAlternativas!$C$2:$C$931*COUNTIFS(Alternativas!$A$2:$A$51,AtractivoAlternativas!$B$2:$B$931,Alternativas!$B$2:$B$51,H$2)) -> 0 | I16: =SUMPRODUCT((AtractivoAlternativas!$A$2:$A$931=$A16)*AtractivoAlternativas!$C$2:$C$931*COUNTIFS(Alternativas!$A$2:$A$51,AtractivoAlternativas!$B$2:$B$931,Alternativas!$B$2:$B$51,I$2)) -> 0.38501372 | J16: =SUMPRODUCT((AtractivoAlternativas!$A$2:$A$931=$A16)*AtractivoAlternativas!$C$2:$C$931*COUNTIFS(Alternativas!$A$2:$A$51,AtractivoAlternativas!$B$2:$B$931,Alternativas!$B$2:$B$51,J$2)) -> 0 | K16: =SUMPRODUCT((AtractivoAlternativas!$A$2:$A$931=$A16)*AtractivoAlternativas!$C$2:$C$931*COUNTIFS(Alternativas!$A$2:$A$51,AtractivoAlternativas!$B$2:$B$931,Alternativas!$B$2:$B$51,K$2)) -> 0 | L16: =SUMPRODUCT((AtractivoAlternativas!$A$2:$A$931=$A16)*AtractivoAlternativas!$C$2:$C$931*COUNTIFS(Alternativas!$A$2:$A$51,AtractivoAlternativas!$B$2:$B$931,Alternativas!$B$2:$B$51,L$2)) -> 0 | M16: =SUMIFS(AtractivoSitios!$C:$C,AtractivoSitios!$A:$A,$A16,AtractivoSitios!$B:$B,M$2) -> 0 | N16: =SUMIFS(AtractivoSitios!$C:$C,AtractivoSitios!$A:$A,$A16,AtractivoSitios!$B:$B,N$2) -> 0.69923327 | O16: =SUMIFS(AtractivoSitios!$C:$C,AtractivoSitios!$A:$A,$A16,AtractivoSitios!$B:$B,O$2) -> 0 | P16: =SUMIFS(AtractivoSitios!$C:$C,AtractivoSitios!$A:$A,$A16,AtractivoSitios!$B:$B,P$2) -> 0 | Q16: =SUMIFS(AtractivoSitios!$C:$C,AtractivoSitios!$A:$A,$A16,AtractivoSitios!$B:$B,Q$2) -> 0 | R16: =SUMIFS(AtractivoSitios!$C:$C,AtractivoSitios!$A:$A,$A16,AtractivoSitios!$B:$B,R$2) -> 0 | S16: =SUMIFS(AtractivoSitios!$C:$C,AtractivoSitios!$A:$A,$A16,AtractivoSitios!$B:$B,S$2) -> 0 | T16: =SUM(M16:S16) -> 0.69923327 | U16: =C16/(AD$4+H16+$T16) -> 0.00019256655 | V16: =D16/(AE$4+I16+$T16) -> 5.5620894e-05 | W16: =E16/(AF$4+J16+$T16) -> 0.00032305438 | X16: =F16/(AG$4+K16+$T16) -> 1.740919e-05 | Y16: =G16/(AH$4+L16+$T16) -> 1.0800597e-05 | AC16: Puntos excluidos, estimado con la mezcla promedio [t] | AD16: =SUMPRODUCT(1-$AK$7:$AK$13,$AJ$7:$AJ$13)*AD15/$AI$15 -> 1.6755566 | AE16: =SUMPRODUCT(1-$AK$7:$AK$13,$AJ$7:$AJ$13)*AE15/$AI$15 -> 0.48460488 | AF16: =SUMPRODUCT(1-$AK$7:$AK$13,$AJ$7:$AJ$13)*AF15/$AI$15 -> 2.7749599 | AG16: =SUMPRODUCT(1-$AK$7:$AK$13,$AJ$7:$AJ$13)*AG15/$AI$15 -> 0.15210276 | AH16: =SUMPRODUCT(1-$AK$7:$AK$13,$AJ$7:$AJ$13)*AH15/$AI$15 -> 0.094375896
A17: Z15 | B17: =SUMIFS(Sectores!$C:$C,Sectores!$A:$A,$A17) -> 3093 | C17: =SUMIFS(Generacion!$C:$C,Generacion!$A:$A,$A17,Generacion!$B:$B,C$2) -> 0.043533877 | D17: =SUMIFS(Generacion!$C:$C,Generacion!$A:$A,$A17,Generacion!$B:$B,D$2) -> 0.037870933 | E17: =SUMIFS(Generacion!$C:$C,Generacion!$A:$A,$A17,Generacion!$B:$B,E$2) -> 0.01344949 | F17: =SUMIFS(Generacion!$C:$C,Generacion!$A:$A,$A17,Generacion!$B:$B,F$2) -> 0.0035393396 | G17: =SUMIFS(Generacion!$C:$C,Generacion!$A:$A,$A17,Generacion!$B:$B,G$2) -> 0.0024775377 | H17: =SUMPRODUCT((AtractivoAlternativas!$A$2:$A$931=$A17)*AtractivoAlternativas!$C$2:$C$931*COUNTIFS(Alternativas!$A$2:$A$51,AtractivoAlternativas!$B$2:$B$931,Alternativas!$B$2:$B$51,H$2)) -> 0 | I17: =SUMPRODUCT((AtractivoAlternativas!$A$2:$A$931=$A17)*AtractivoAlternativas!$C$2:$C$931*COUNTIFS(Alternativas!$A$2:$A$51,AtractivoAlternativas!$B$2:$B$931,Alternativas!$B$2:$B$51,I$2)) -> 0.45815639 | J17: =SUMPRODUCT((AtractivoAlternativas!$A$2:$A$931=$A17)*AtractivoAlternativas!$C$2:$C$931*COUNTIFS(Alternativas!$A$2:$A$51,AtractivoAlternativas!$B$2:$B$931,Alternativas!$B$2:$B$51,J$2)) -> 0 | K17: =SUMPRODUCT((AtractivoAlternativas!$A$2:$A$931=$A17)*AtractivoAlternativas!$C$2:$C$931*COUNTIFS(Alternativas!$A$2:$A$51,AtractivoAlternativas!$B$2:$B$931,Alternativas!$B$2:$B$51,K$2)) -> 0 | L17: =SUMPRODUCT((AtractivoAlternativas!$A$2:$A$931=$A17)*AtractivoAlternativas!$C$2:$C$931*COUNTIFS(Alternativas!$A$2:$A$51,AtractivoAlternativas!$B$2:$B$931,Alternativas!$B$2:$B$51,L$2)) -> 0 | M17: =SUMIFS(AtractivoSitios!$C:$C,AtractivoSitios!$A:$A,$A17,AtractivoSitios!$B:$B,M$2) -> 0 | N17: =SUMIFS(AtractivoSitios!$C:$C,AtractivoSitios!$A:$A,$A17,AtractivoSitios!$B:$B,N$2) -> 0.53431086 | O17: =SUMIFS(AtractivoSitios!$C:$C,AtractivoSitios!$A:$A,$A17,AtractivoSitios!$B:$B,O$2) -> 0 | P17: =SUMIFS(AtractivoSitios!$C:$C,AtractivoSitios!$A:$A,$A17,AtractivoSitios!$B:$B,P$2) -> 0 | Q17: =SUMIFS(AtractivoSitios!$C:$C,AtractivoSitios!$A:$A,$A17,AtractivoSitios!$B:$B,Q$2) -> 0 | R17: =SUMIFS(AtractivoSitios!$C:$C,AtractivoSitios!$A:$A,$A17,AtractivoSitios!$B:$B,R$2) -> 0 | S17: =SUMIFS(AtractivoSitios!$C:$C,AtractivoSitios!$A:$A,$A17,AtractivoSitios!$B:$B,S$2) -> 0 | T17: =SUM(M17:S17) -> 0.53431086 | U17: =C17/(AD$4+H17+$T17) -> 0.00019270713 | V17: =D17/(AE$4+I17+$T17) -> 5.5628392e-05 | W17: =E17/(AF$4+J17+$T17) -> 0.00032433922 | X17: =F17/(AG$4+K17+$T17) -> 1.7423324e-05 | Y17: =G17/(AH$4+L17+$T17) -> 1.0808368e-05 | AC17: Objetivo, puntos que calibran [t] | AD17: =AD15-AD16 -> 62.619043 | AE17: =AE15-AE16 -> 18.110695 | AF17: =AF15-AF16 -> 103.70604 | AG17: =AG15-AG16 -> 5.6843972 | AH17: =AH15-AH16 -> 3.5270241
A18: Z16 | B18: =SUMIFS(Sectores!$C:$C,Sectores!$A:$A,$A18) -> 4980 | C18: =SUMIFS(Generacion!$C:$C,Generacion!$A:$A,$A18,Generacion!$B:$B,C$2) -> 0.043533877 | D18: =SUMIFS(Generacion!$C:$C,Generacion!$A:$A,$A18,Generacion!$B:$B,D$2) -> 0.037870933 | E18: =SUMIFS(Generacion!$C:$C,Generacion!$A:$A,$A18,Generacion!$B:$B,E$2) -> 0.01344949 | F18: =SUMIFS(Generacion!$C:$C,Generacion!$A:$A,$A18,Generacion!$B:$B,F$2) -> 0.0035393396 | G18: =SUMIFS(Generacion!$C:$C,Generacion!$A:$A,$A18,Generacion!$B:$B,G$2) -> 0.0024775377 | H18: =SUMPRODUCT((AtractivoAlternativas!$A$2:$A$931=$A18)*AtractivoAlternativas!$C$2:$C$931*COUNTIFS(Alternativas!$A$2:$A$51,AtractivoAlternativas!$B$2:$B$931,Alternativas!$B$2:$B$51,H$2)) -> 0.51928352 | I18: =SUMPRODUCT((AtractivoAlternativas!$A$2:$A$931=$A18)*AtractivoAlternativas!$C$2:$C$931*COUNTIFS(Alternativas!$A$2:$A$51,AtractivoAlternativas!$B$2:$B$931,Alternativas!$B$2:$B$51,I$2)) -> 1.5331004 | J18: =SUMPRODUCT((AtractivoAlternativas!$A$2:$A$931=$A18)*AtractivoAlternativas!$C$2:$C$931*COUNTIFS(Alternativas!$A$2:$A$51,AtractivoAlternativas!$B$2:$B$931,Alternativas!$B$2:$B$51,J$2)) -> 0.91897572 | K18: =SUMPRODUCT((AtractivoAlternativas!$A$2:$A$931=$A18)*AtractivoAlternativas!$C$2:$C$931*COUNTIFS(Alternativas!$A$2:$A$51,AtractivoAlternativas!$B$2:$B$931,Alternativas!$B$2:$B$51,K$2)) -> 0 | L18: =SUMPRODUCT((AtractivoAlternativas!$A$2:$A$931=$A18)*AtractivoAlternativas!$C$2:$C$931*COUNTIFS(Alternativas!$A$2:$A$51,AtractivoAlternativas!$B$2:$B$931,Alternativas!$B$2:$B$51,L$2)) -> 0 | M18: =SUMIFS(AtractivoSitios!$C:$C,AtractivoSitios!$A:$A,$A18,AtractivoSitios!$B:$B,M$2) -> 0 | N18: =SUMIFS(AtractivoSitios!$C:$C,AtractivoSitios!$A:$A,$A18,AtractivoSitios!$B:$B,N$2) -> 0 | O18: =SUMIFS(AtractivoSitios!$C:$C,AtractivoSitios!$A:$A,$A18,AtractivoSitios!$B:$B,O$2) -> 0 | P18: =SUMIFS(AtractivoSitios!$C:$C,AtractivoSitios!$A:$A,$A18,AtractivoSitios!$B:$B,P$2) -> 0 | Q18: =SUMIFS(AtractivoSitios!$C:$C,AtractivoSitios!$A:$A,$A18,AtractivoSitios!$B:$B,Q$2) -> 0.75254282 | R18: =SUMIFS(AtractivoSitios!$C:$C,AtractivoSitios!$A:$A,$A18,AtractivoSitios!$B:$B,R$2) -> 0 | S18: =SUMIFS(AtractivoSitios!$C:$C,AtractivoSitios!$A:$A,$A18,AtractivoSitios!$B:$B,S$2) -> 0 | T18: =SUM(M18:S18) -> 0.75254282 | U18: =C18/(AD$4+H18+$T18) -> 0.00019208005 | V18: =D18/(AE$4+I18+$T18) -> 5.5522924e-05 | W18: =E18/(AF$4+J18+$T18) -> 0.00031568191 | X18: =F18/(AG$4+K18+$T18) -> 1.7404626e-05 | Y18: =G18/(AH$4+L18+$T18) -> 1.0798087e-05 | AC18: Diferencia modelo − objetivo [t] | AD18: =AD14-AD17 -> 0 | AE18: =AE14-AE17 -> 0 | AF18: =AF14-AF17 -> 5.8264504e-13 | AG18: =AG14-AG17 -> 0 | AH18: =AH14-AH17 -> 0
A19: Z17 | B19: =SUMIFS(Sectores!$C:$C,Sectores!$A:$A,$A19) -> 4837 | C19: =SUMIFS(Generacion!$C:$C,Generacion!$A:$A,$A19,Generacion!$B:$B,C$2) -> 0.043533877 | D19: =SUMIFS(Generacion!$C:$C,Generacion!$A:$A,$A19,Generacion!$B:$B,D$2) -> 0.037870933 | E19: =SUMIFS(Generacion!$C:$C,Generacion!$A:$A,$A19,Generacion!$B:$B,E$2) -> 0.01344949 | F19: =SUMIFS(Generacion!$C:$C,Generacion!$A:$A,$A19,Generacion!$B:$B,F$2) -> 0.0035393396 | G19: =SUMIFS(Generacion!$C:$C,Generacion!$A:$A,$A19,Generacion!$B:$B,G$2) -> 0.0024775377 | H19: =SUMPRODUCT((AtractivoAlternativas!$A$2:$A$931=$A19)*AtractivoAlternativas!$C$2:$C$931*COUNTIFS(Alternativas!$A$2:$A$51,AtractivoAlternativas!$B$2:$B$931,Alternativas!$B$2:$B$51,H$2)) -> 0.90799197 | I19: =SUMPRODUCT((AtractivoAlternativas!$A$2:$A$931=$A19)*AtractivoAlternativas!$C$2:$C$931*COUNTIFS(Alternativas!$A$2:$A$51,AtractivoAlternativas!$B$2:$B$931,Alternativas!$B$2:$B$51,I$2)) -> 3.192486 | J19: =SUMPRODUCT((AtractivoAlternativas!$A$2:$A$931=$A19)*AtractivoAlternativas!$C$2:$C$931*COUNTIFS(Alternativas!$A$2:$A$51,AtractivoAlternativas!$B$2:$B$931,Alternativas!$B$2:$B$51,J$2)) -> 1.0034252 | K19: =SUMPRODUCT((AtractivoAlternativas!$A$2:$A$931=$A19)*AtractivoAlternativas!$C$2:$C$931*COUNTIFS(Alternativas!$A$2:$A$51,AtractivoAlternativas!$B$2:$B$931,Alternativas!$B$2:$B$51,K$2)) -> 0 | L19: =SUMPRODUCT((AtractivoAlternativas!$A$2:$A$931=$A19)*AtractivoAlternativas!$C$2:$C$931*COUNTIFS(Alternativas!$A$2:$A$51,AtractivoAlternativas!$B$2:$B$931,Alternativas!$B$2:$B$51,L$2)) -> 0 | M19: =SUMIFS(AtractivoSitios!$C:$C,AtractivoSitios!$A:$A,$A19,AtractivoSitios!$B:$B,M$2) -> 0 | N19: =SUMIFS(AtractivoSitios!$C:$C,AtractivoSitios!$A:$A,$A19,AtractivoSitios!$B:$B,N$2) -> 0 | O19: =SUMIFS(AtractivoSitios!$C:$C,AtractivoSitios!$A:$A,$A19,AtractivoSitios!$B:$B,O$2) -> 0 | P19: =SUMIFS(AtractivoSitios!$C:$C,AtractivoSitios!$A:$A,$A19,AtractivoSitios!$B:$B,P$2) -> 0 | Q19: =SUMIFS(AtractivoSitios!$C:$C,AtractivoSitios!$A:$A,$A19,AtractivoSitios!$B:$B,Q$2) -> 0.52544696 | R19: =SUMIFS(AtractivoSitios!$C:$C,AtractivoSitios!$A:$A,$A19,AtractivoSitios!$B:$B,R$2) -> 0 | S19: =SUMIFS(AtractivoSitios!$C:$C,AtractivoSitios!$A:$A,$A19,AtractivoSitios!$B:$B,S$2) -> 0 | T19: =SUM(M19:S19) -> 0.52544696 | U19: =C19/(AD$4+H19+$T19) -> 0.00019194318 | V19: =D19/(AE$4+I19+$T19) -> 5.5406576e-05 | W19: =E19/(AF$4+J19+$T19) -> 0.00031674241 | X19: =F19/(AG$4+K19+$T19) -> 1.7424084e-05 | Y19: =G19/(AH$4+L19+$T19) -> 1.0808786e-05
A20: Z18 | B20: =SUMIFS(Sectores!$C:$C,Sectores!$A:$A,$A20) -> 9872 | C20: =SUMIFS(Generacion!$C:$C,Generacion!$A:$A,$A20,Generacion!$B:$B,C$2) -> 0.043533877 | D20: =SUMIFS(Generacion!$C:$C,Generacion!$A:$A,$A20,Generacion!$B:$B,D$2) -> 0.037870933 | E20: =SUMIFS(Generacion!$C:$C,Generacion!$A:$A,$A20,Generacion!$B:$B,E$2) -> 0.01344949 | F20: =SUMIFS(Generacion!$C:$C,Generacion!$A:$A,$A20,Generacion!$B:$B,F$2) -> 0.0035393396 | G20: =SUMIFS(Generacion!$C:$C,Generacion!$A:$A,$A20,Generacion!$B:$B,G$2) -> 0.0024775377 | H20: =SUMPRODUCT((AtractivoAlternativas!$A$2:$A$931=$A20)*AtractivoAlternativas!$C$2:$C$931*COUNTIFS(Alternativas!$A$2:$A$51,AtractivoAlternativas!$B$2:$B$931,Alternativas!$B$2:$B$51,H$2)) -> 1.4436185 | I20: =SUMPRODUCT((AtractivoAlternativas!$A$2:$A$931=$A20)*AtractivoAlternativas!$C$2:$C$931*COUNTIFS(Alternativas!$A$2:$A$51,AtractivoAlternativas!$B$2:$B$931,Alternativas!$B$2:$B$51,I$2)) -> 3.2601338 | J20: =SUMPRODUCT((AtractivoAlternativas!$A$2:$A$931=$A20)*AtractivoAlternativas!$C$2:$C$931*COUNTIFS(Alternativas!$A$2:$A$51,AtractivoAlternativas!$B$2:$B$931,Alternativas!$B$2:$B$51,J$2)) -> 1.6543396 | K20: =SUMPRODUCT((AtractivoAlternativas!$A$2:$A$931=$A20)*AtractivoAlternativas!$C$2:$C$931*COUNTIFS(Alternativas!$A$2:$A$51,AtractivoAlternativas!$B$2:$B$931,Alternativas!$B$2:$B$51,K$2)) -> 0 | L20: =SUMPRODUCT((AtractivoAlternativas!$A$2:$A$931=$A20)*AtractivoAlternativas!$C$2:$C$931*COUNTIFS(Alternativas!$A$2:$A$51,AtractivoAlternativas!$B$2:$B$931,Alternativas!$B$2:$B$51,L$2)) -> 0 | M20: =SUMIFS(AtractivoSitios!$C:$C,AtractivoSitios!$A:$A,$A20,AtractivoSitios!$B:$B,M$2) -> 0 | N20: =SUMIFS(AtractivoSitios!$C:$C,AtractivoSitios!$A:$A,$A20,AtractivoSitios!$B:$B,N$2) -> 0 | O20: =SUMIFS(AtractivoSitios!$C:$C,AtractivoSitios!$A:$A,$A20,AtractivoSitios!$B:$B,O$2) -> 0 | P20: =SUMIFS(AtractivoSitios!$C:$C,AtractivoSitios!$A:$A,$A20,AtractivoSitios!$B:$B,P$2) -> 0 | Q20: =SUMIFS(AtractivoSitios!$C:$C,AtractivoSitios!$A:$A,$A20,AtractivoSitios!$B:$B,Q$2) -> 0.46858384 | R20: =SUMIFS(AtractivoSitios!$C:$C,AtractivoSitios!$A:$A,$A20,AtractivoSitios!$B:$B,R$2) -> 0 | S20: =SUMIFS(AtractivoSitios!$C:$C,AtractivoSitios!$A:$A,$A20,AtractivoSitios!$B:$B,S$2) -> 0 | T20: =SUM(M20:S20) -> 0.46858384 | U20: =C20/(AD$4+H20+$T20) -> 0.00019153886 | V20: =D20/(AE$4+I20+$T20) -> 5.5405702e-05 | W20: =E20/(AF$4+J20+$T20) -> 0.00031237225 | X20: =F20/(AG$4+K20+$T20) -> 1.7428963e-05 | Y20: =G20/(AH$4+L20+$T20) -> 1.0811468e-05 | AA20: Notas
A21: Z19 | B21: =SUMIFS(Sectores!$C:$C,Sectores!$A:$A,$A21) -> 8592 | C21: =SUMIFS(Generacion!$C:$C,Generacion!$A:$A,$A21,Generacion!$B:$B,C$2) -> 0.043533877 | D21: =SUMIFS(Generacion!$C:$C,Generacion!$A:$A,$A21,Generacion!$B:$B,D$2) -> 0.037870933 | E21: =SUMIFS(Generacion!$C:$C,Generacion!$A:$A,$A21,Generacion!$B:$B,E$2) -> 0.01344949 | F21: =SUMIFS(Generacion!$C:$C,Generacion!$A:$A,$A21,Generacion!$B:$B,F$2) -> 0.0035393396 | G21: =SUMIFS(Generacion!$C:$C,Generacion!$A:$A,$A21,Generacion!$B:$B,G$2) -> 0.0024775377 | H21: =SUMPRODUCT((AtractivoAlternativas!$A$2:$A$931=$A21)*AtractivoAlternativas!$C$2:$C$931*COUNTIFS(Alternativas!$A$2:$A$51,AtractivoAlternativas!$B$2:$B$931,Alternativas!$B$2:$B$51,H$2)) -> 1.616005 | I21: =SUMPRODUCT((AtractivoAlternativas!$A$2:$A$931=$A21)*AtractivoAlternativas!$C$2:$C$931*COUNTIFS(Alternativas!$A$2:$A$51,AtractivoAlternativas!$B$2:$B$931,Alternativas!$B$2:$B$51,I$2)) -> 3.5979264 | J21: =SUMPRODUCT((AtractivoAlternativas!$A$2:$A$931=$A21)*AtractivoAlternativas!$C$2:$C$931*COUNTIFS(Alternativas!$A$2:$A$51,AtractivoAlternativas!$B$2:$B$931,Alternativas!$B$2:$B$51,J$2)) -> 2.0164709 | K21: =SUMPRODUCT((AtractivoAlternativas!$A$2:$A$931=$A21)*AtractivoAlternativas!$C$2:$C$931*COUNTIFS(Alternativas!$A$2:$A$51,AtractivoAlternativas!$B$2:$B$931,Alternativas!$B$2:$B$51,K$2)) -> 0 | L21: =SUMPRODUCT((AtractivoAlternativas!$A$2:$A$931=$A21)*AtractivoAlternativas!$C$2:$C$931*COUNTIFS(Alternativas!$A$2:$A$51,AtractivoAlternativas!$B$2:$B$931,Alternativas!$B$2:$B$51,L$2)) -> 0 | M21: =SUMIFS(AtractivoSitios!$C:$C,AtractivoSitios!$A:$A,$A21,AtractivoSitios!$B:$B,M$2) -> 0 | N21: =SUMIFS(AtractivoSitios!$C:$C,AtractivoSitios!$A:$A,$A21,AtractivoSitios!$B:$B,N$2) -> 0 | O21: =SUMIFS(AtractivoSitios!$C:$C,AtractivoSitios!$A:$A,$A21,AtractivoSitios!$B:$B,O$2) -> 0 | P21: =SUMIFS(AtractivoSitios!$C:$C,AtractivoSitios!$A:$A,$A21,AtractivoSitios!$B:$B,P$2) -> 0 | Q21: =SUMIFS(AtractivoSitios!$C:$C,AtractivoSitios!$A:$A,$A21,AtractivoSitios!$B:$B,Q$2) -> 0 | R21: =SUMIFS(AtractivoSitios!$C:$C,AtractivoSitios!$A:$A,$A21,AtractivoSitios!$B:$B,R$2) -> 0 | S21: =SUMIFS(AtractivoSitios!$C:$C,AtractivoSitios!$A:$A,$A21,AtractivoSitios!$B:$B,S$2) -> 0 | T21: =SUM(M21:S21) -> 0 | U21: =C21/(AD$4+H21+$T21) -> 0.0001917888 | V21: =D21/(AE$4+I21+$T21) -> 5.5416306e-05 | W21: =E21/(AF$4+J21+$T21) -> 0.00031314648 | X21: =F21/(AG$4+K21+$T21) -> 1.7469273e-05 | Y21: =G21/(AH$4+L21+$T21) -> 1.083362e-05 | AA21: Toneladas 2023: CSV de cada punto limpio (Portal de Datos Abiertos), solo los 5 materiales del modelo, escala valor/10.000 (reporte técnico, tablas 3.1 y 3.2).
A22: Z20 | B22: =SUMIFS(Sectores!$C:$C,Sectores!$A:$A,$A22) -> 5694 | C22: =SUMIFS(Generacion!$C:$C,Generacion!$A:$A,$A22,Generacion!$B:$B,C$2) -> 0.043533877 | D22: =SUMIFS(Generacion!$C:$C,Generacion!$A:$A,$A22,Generacion!$B:$B,D$2) -> 0.037870933 | E22: =SUMIFS(Generacion!$C:$C,Generacion!$A:$A,$A22,Generacion!$B:$B,E$2) -> 0.01344949 | F22: =SUMIFS(Generacion!$C:$C,Generacion!$A:$A,$A22,Generacion!$B:$B,F$2) -> 0.0035393396 | G22: =SUMIFS(Generacion!$C:$C,Generacion!$A:$A,$A22,Generacion!$B:$B,G$2) -> 0.0024775377 | H22: =SUMPRODUCT((AtractivoAlternativas!$A$2:$A$931=$A22)*AtractivoAlternativas!$C$2:$C$931*COUNTIFS(Alternativas!$A$2:$A$51,AtractivoAlternativas!$B$2:$B$931,Alternativas!$B$2:$B$51,H$2)) -> 0.95117799 | I22: =SUMPRODUCT((AtractivoAlternativas!$A$2:$A$931=$A22)*AtractivoAlternativas!$C$2:$C$931*COUNTIFS(Alternativas!$A$2:$A$51,AtractivoAlternativas!$B$2:$B$931,Alternativas!$B$2:$B$51,I$2)) -> 3.1138555 | J22: =SUMPRODUCT((AtractivoAlternativas!$A$2:$A$931=$A22)*AtractivoAlternativas!$C$2:$C$931*COUNTIFS(Alternativas!$A$2:$A$51,AtractivoAlternativas!$B$2:$B$931,Alternativas!$B$2:$B$51,J$2)) -> 0.90347523 | K22: =SUMPRODUCT((AtractivoAlternativas!$A$2:$A$931=$A22)*AtractivoAlternativas!$C$2:$C$931*COUNTIFS(Alternativas!$A$2:$A$51,AtractivoAlternativas!$B$2:$B$931,Alternativas!$B$2:$B$51,K$2)) -> 0 | L22: =SUMPRODUCT((AtractivoAlternativas!$A$2:$A$931=$A22)*AtractivoAlternativas!$C$2:$C$931*COUNTIFS(Alternativas!$A$2:$A$51,AtractivoAlternativas!$B$2:$B$931,Alternativas!$B$2:$B$51,L$2)) -> 0 | M22: =SUMIFS(AtractivoSitios!$C:$C,AtractivoSitios!$A:$A,$A22,AtractivoSitios!$B:$B,M$2) -> 0 | N22: =SUMIFS(AtractivoSitios!$C:$C,AtractivoSitios!$A:$A,$A22,AtractivoSitios!$B:$B,N$2) -> 0 | O22: =SUMIFS(AtractivoSitios!$C:$C,AtractivoSitios!$A:$A,$A22,AtractivoSitios!$B:$B,O$2) -> 0 | P22: =SUMIFS(AtractivoSitios!$C:$C,AtractivoSitios!$A:$A,$A22,AtractivoSitios!$B:$B,P$2) -> 0 | Q22: =SUMIFS(AtractivoSitios!$C:$C,AtractivoSitios!$A:$A,$A22,AtractivoSitios!$B:$B,Q$2) -> 0 | R22: =SUMIFS(AtractivoSitios!$C:$C,AtractivoSitios!$A:$A,$A22,AtractivoSitios!$B:$B,R$2) -> 0 | S22: =SUMIFS(AtractivoSitios!$C:$C,AtractivoSitios!$A:$A,$A22,AtractivoSitios!$B:$B,S$2) -> 0 | T22: =SUM(M22:S22) -> 0 | U22: =C22/(AD$4+H22+$T22) -> 0.00019235218 | V22: =D22/(AE$4+I22+$T22) -> 5.5455587e-05 | W22: =E22/(AF$4+J22+$T22) -> 0.00032147726 | X22: =F22/(AG$4+K22+$T22) -> 1.7469273e-05 | Y22: =G22/(AH$4+L22+$T22) -> 1.083362e-05 | AA22: Santa Faustina no calibra (calibra = 0) por la interrupción de julio de 2023, pero sigue compitiendo por los vecinos en la columna T (reporte técnico, anexo C).
A23: Z21 | B23: =SUMIFS(Sectores!$C:$C,Sectores!$A:$A,$A23) -> 4952 | C23: =SUMIFS(Generacion!$C:$C,Generacion!$A:$A,$A23,Generacion!$B:$B,C$2) -> 0.043533877 | D23: =SUMIFS(Generacion!$C:$C,Generacion!$A:$A,$A23,Generacion!$B:$B,D$2) -> 0.037870933 | E23: =SUMIFS(Generacion!$C:$C,Generacion!$A:$A,$A23,Generacion!$B:$B,E$2) -> 0.01344949 | F23: =SUMIFS(Generacion!$C:$C,Generacion!$A:$A,$A23,Generacion!$B:$B,F$2) -> 0.0035393396 | G23: =SUMIFS(Generacion!$C:$C,Generacion!$A:$A,$A23,Generacion!$B:$B,G$2) -> 0.0024775377 | H23: =SUMPRODUCT((AtractivoAlternativas!$A$2:$A$931=$A23)*AtractivoAlternativas!$C$2:$C$931*COUNTIFS(Alternativas!$A$2:$A$51,AtractivoAlternativas!$B$2:$B$931,Alternativas!$B$2:$B$51,H$2)) -> 0.51104139 | I23: =SUMPRODUCT((AtractivoAlternativas!$A$2:$A$931=$A23)*AtractivoAlternativas!$C$2:$C$931*COUNTIFS(Alternativas!$A$2:$A$51,AtractivoAlternativas!$B$2:$B$931,Alternativas!$B$2:$B$51,I$2)) -> 2.3573159 | J23: =SUMPRODUCT((AtractivoAlternativas!$A$2:$A$931=$A23)*AtractivoAlternativas!$C$2:$C$931*COUNTIFS(Alternativas!$A$2:$A$51,AtractivoAlternativas!$B$2:$B$931,Alternativas!$B$2:$B$51,J$2)) -> 0.38209192 | K23: =SUMPRODUCT((AtractivoAlternativas!$A$2:$A$931=$A23)*AtractivoAlternativas!$C$2:$C$931*COUNTIFS(Alternativas!$A$2:$A$51,AtractivoAlternativas!$B$2:$B$931,Alternativas!$B$2:$B$51,K$2)) -> 0 | L23: =SUMPRODUCT((AtractivoAlternativas!$A$2:$A$931=$A23)*AtractivoAlternativas!$C$2:$C$931*COUNTIFS(Alternativas!$A$2:$A$51,AtractivoAlternativas!$B$2:$B$931,Alternativas!$B$2:$B$51,L$2)) -> 0 | M23: =SUMIFS(AtractivoSitios!$C:$C,AtractivoSitios!$A:$A,$A23,AtractivoSitios!$B:$B,M$2) -> 0 | N23: =SUMIFS(AtractivoSitios!$C:$C,AtractivoSitios!$A:$A,$A23,AtractivoSitios!$B:$B,N$2) -> 0 | O23: =SUMIFS(AtractivoSitios!$C:$C,AtractivoSitios!$A:$A,$A23,AtractivoSitios!$B:$B,O$2) -> 0 | P23: =SUMIFS(AtractivoSitios!$C:$C,AtractivoSitios!$A:$A,$A23,AtractivoSitios!$B:$B,P$2) -> 0 | Q23: =SUMIFS(AtractivoSitios!$C:$C,AtractivoSitios!$A:$A,$A23,AtractivoSitios!$B:$B,Q$2) -> 0 | R23: =SUMIFS(AtractivoSitios!$C:$C,AtractivoSitios!$A:$A,$A23,AtractivoSitios!$B:$B,R$2) -> 0 | S23: =SUMIFS(AtractivoSitios!$C:$C,AtractivoSitios!$A:$A,$A23,AtractivoSitios!$B:$B,S$2) -> 0 | T23: =SUM(M23:S23) -> 0 | U23: =C23/(AD$4+H23+$T23) -> 0.00019272698 | V23: =D23/(AE$4+I23+$T23) -> 5.551709e-05 | W23: =E23/(AF$4+J23+$T23) -> 0.0003255342 | X23: =F23/(AG$4+K23+$T23) -> 1.7469273e-05 | Y23: =G23/(AH$4+L23+$T23) -> 1.083362e-05 | AA23: Como no se tiene su desglose por material, lo que aportó Santa Faustina se reparte con la mezcla de los 7 puntos (fila 16). Si se obtiene su desglose real, reemplazar la fila 16 y repetir Buscar objetivo.
A24: Z22 | B24: =SUMIFS(Sectores!$C:$C,Sectores!$A:$A,$A24) -> 9683 | C24: =SUMIFS(Generacion!$C:$C,Generacion!$A:$A,$A24,Generacion!$B:$B,C$2) -> 0.043533877 | D24: =SUMIFS(Generacion!$C:$C,Generacion!$A:$A,$A24,Generacion!$B:$B,D$2) -> 0.037870933 | E24: =SUMIFS(Generacion!$C:$C,Generacion!$A:$A,$A24,Generacion!$B:$B,E$2) -> 0.01344949 | F24: =SUMIFS(Generacion!$C:$C,Generacion!$A:$A,$A24,Generacion!$B:$B,F$2) -> 0.0035393396 | G24: =SUMIFS(Generacion!$C:$C,Generacion!$A:$A,$A24,Generacion!$B:$B,G$2) -> 0.0024775377 | H24: =SUMPRODUCT((AtractivoAlternativas!$A$2:$A$931=$A24)*AtractivoAlternativas!$C$2:$C$931*COUNTIFS(Alternativas!$A$2:$A$51,AtractivoAlternativas!$B$2:$B$931,Alternativas!$B$2:$B$51,H$2)) -> 0.41463567 | I24: =SUMPRODUCT((AtractivoAlternativas!$A$2:$A$931=$A24)*AtractivoAlternativas!$C$2:$C$931*COUNTIFS(Alternativas!$A$2:$A$51,AtractivoAlternativas!$B$2:$B$931,Alternativas!$B$2:$B$51,I$2)) -> 1.9558672 | J24: =SUMPRODUCT((AtractivoAlternativas!$A$2:$A$931=$A24)*AtractivoAlternativas!$C$2:$C$931*COUNTIFS(Alternativas!$A$2:$A$51,AtractivoAlternativas!$B$2:$B$931,Alternativas!$B$2:$B$51,J$2)) -> 0 | K24: =SUMPRODUCT((AtractivoAlternativas!$A$2:$A$931=$A24)*AtractivoAlternativas!$C$2:$C$931*COUNTIFS(Alternativas!$A$2:$A$51,AtractivoAlternativas!$B$2:$B$931,Alternativas!$B$2:$B$51,K$2)) -> 0 | L24: =SUMPRODUCT((AtractivoAlternativas!$A$2:$A$931=$A24)*AtractivoAlternativas!$C$2:$C$931*COUNTIFS(Alternativas!$A$2:$A$51,AtractivoAlternativas!$B$2:$B$931,Alternativas!$B$2:$B$51,L$2)) -> 0 | M24: =SUMIFS(AtractivoSitios!$C:$C,AtractivoSitios!$A:$A,$A24,AtractivoSitios!$B:$B,M$2) -> 0 | N24: =SUMIFS(AtractivoSitios!$C:$C,AtractivoSitios!$A:$A,$A24,AtractivoSitios!$B:$B,N$2) -> 0 | O24: =SUMIFS(AtractivoSitios!$C:$C,AtractivoSitios!$A:$A,$A24,AtractivoSitios!$B:$B,O$2) -> 0 | P24: =SUMIFS(AtractivoSitios!$C:$C,AtractivoSitios!$A:$A,$A24,AtractivoSitios!$B:$B,P$2) -> 0 | Q24: =SUMIFS(AtractivoSitios!$C:$C,AtractivoSitios!$A:$A,$A24,AtractivoSitios!$B:$B,Q$2) -> 0 | R24: =SUMIFS(AtractivoSitios!$C:$C,AtractivoSitios!$A:$A,$A24,AtractivoSitios!$B:$B,R$2) -> 0 | S24: =SUMIFS(AtractivoSitios!$C:$C,AtractivoSitios!$A:$A,$A24,AtractivoSitios!$B:$B,S$2) -> 0 | T24: =SUM(M24:S24) -> 0 | U24: =C24/(AD$4+H24+$T24) -> 0.00019280927 | V24: =D24/(AE$4+I24+$T24) -> 5.5549782e-05 | W24: =E24/(AF$4+J24+$T24) -> 0.00032857291 | X24: =F24/(AG$4+K24+$T24) -> 1.7469273e-05 | Y24: =G24/(AH$4+L24+$T24) -> 1.083362e-05 | AA24: Un uN por material hace que el modelo reproduzca la mezcla observada (54 % vidrio, 9 % plástico) en vez de la mezcla de generación domiciliaria.
A25: Z23 | B25: =SUMIFS(Sectores!$C:$C,Sectores!$A:$A,$A25) -> 3406 | C25: =SUMIFS(Generacion!$C:$C,Generacion!$A:$A,$A25,Generacion!$B:$B,C$2) -> 0.043533877 | D25: =SUMIFS(Generacion!$C:$C,Generacion!$A:$A,$A25,Generacion!$B:$B,D$2) -> 0.037870933 | E25: =SUMIFS(Generacion!$C:$C,Generacion!$A:$A,$A25,Generacion!$B:$B,E$2) -> 0.01344949 | F25: =SUMIFS(Generacion!$C:$C,Generacion!$A:$A,$A25,Generacion!$B:$B,F$2) -> 0.0035393396 | G25: =SUMIFS(Generacion!$C:$C,Generacion!$A:$A,$A25,Generacion!$B:$B,G$2) -> 0.0024775377 | H25: =SUMPRODUCT((AtractivoAlternativas!$A$2:$A$931=$A25)*AtractivoAlternativas!$C$2:$C$931*COUNTIFS(Alternativas!$A$2:$A$51,AtractivoAlternativas!$B$2:$B$931,Alternativas!$B$2:$B$51,H$2)) -> 0.49233783 | I25: =SUMPRODUCT((AtractivoAlternativas!$A$2:$A$931=$A25)*AtractivoAlternativas!$C$2:$C$931*COUNTIFS(Alternativas!$A$2:$A$51,AtractivoAlternativas!$B$2:$B$931,Alternativas!$B$2:$B$51,I$2)) -> 2.1166791 | J25: =SUMPRODUCT((AtractivoAlternativas!$A$2:$A$931=$A25)*AtractivoAlternativas!$C$2:$C$931*COUNTIFS(Alternativas!$A$2:$A$51,AtractivoAlternativas!$B$2:$B$931,Alternativas!$B$2:$B$51,J$2)) -> 0 | K25: =SUMPRODUCT((AtractivoAlternativas!$A$2:$A$931=$A25)*AtractivoAlternativas!$C$2:$C$931*COUNTIFS(Alternativas!$A$2:$A$51,AtractivoAlternativas!$B$2:$B$931,Alternativas!$B$2:$B$51,K$2)) -> 0 | L25: =SUMPRODUCT((AtractivoAlternativas!$A$2:$A$931=$A25)*AtractivoAlternativas!$C$2:$C$931*COUNTIFS(Alternativas!$A$2:$A$51,AtractivoAlternativas!$B$2:$B$931,Alternativas!$B$2:$B$51,L$2)) -> 0 | M25: =SUMIFS(AtractivoSitios!$C:$C,AtractivoSitios!$A:$A,$A25,AtractivoSitios!$B:$B,M$2) -> 0 | N25: =SUMIFS(AtractivoSitios!$C:$C,AtractivoSitios!$A:$A,$A25,AtractivoSitios!$B:$B,N$2) -> 0 | O25: =SUMIFS(AtractivoSitios!$C:$C,AtractivoSitios!$A:$A,$A25,AtractivoSitios!$B:$B,O$2) -> 0 | P25: =SUMIFS(AtractivoSitios!$C:$C,AtractivoSitios!$A:$A,$A25,AtractivoSitios!$B:$B,P$2) -> 0 | Q25: =SUMIFS(AtractivoSitios!$C:$C,AtractivoSitios!$A:$A,$A25,AtractivoSitios!$B:$B,Q$2) -> 0 | R25: =SUMIFS(AtractivoSitios!$C:$C,AtractivoSitios!$A:$A,$A25,AtractivoSitios!$B:$B,R$2) -> 0 | S25: =SUMIFS(AtractivoSitios!$C:$C,AtractivoSitios!$A:$A,$A25,AtractivoSitios!$B:$B,S$2) -> 0 | T25: =SUM(M25:S25) -> 0 | U25: =C25/(AD$4+H25+$T25) -> 0.00019274294 | V25: =D25/(AE$4+I25+$T25) -> 5.5536682e-05 | W25: =E25/(AF$4+J25+$T25) -> 0.00032857291 | X25: =F25/(AG$4+K25+$T25) -> 1.7469273e-05 | Y25: =G25/(AH$4+L25+$T25) -> 1.083362e-05 | AA25: Atractivos con beta = 0.5/km y Dmax = 2 km (LEEME). Supuesto: la calibración no considera la capacidad de los contenedores (en 2023 los puntos no se rebalsaron).
A26: Z24 | B26: =SUMIFS(Sectores!$C:$C,Sectores!$A:$A,$A26) -> 9275 | C26: =SUMIFS(Generacion!$C:$C,Generacion!$A:$A,$A26,Generacion!$B:$B,C$2) -> 0.043533877 | D26: =SUMIFS(Generacion!$C:$C,Generacion!$A:$A,$A26,Generacion!$B:$B,D$2) -> 0.037870933 | E26: =SUMIFS(Generacion!$C:$C,Generacion!$A:$A,$A26,Generacion!$B:$B,E$2) -> 0.01344949 | F26: =SUMIFS(Generacion!$C:$C,Generacion!$A:$A,$A26,Generacion!$B:$B,F$2) -> 0.0035393396 | G26: =SUMIFS(Generacion!$C:$C,Generacion!$A:$A,$A26,Generacion!$B:$B,G$2) -> 0.0024775377 | H26: =SUMPRODUCT((AtractivoAlternativas!$A$2:$A$931=$A26)*AtractivoAlternativas!$C$2:$C$931*COUNTIFS(Alternativas!$A$2:$A$51,AtractivoAlternativas!$B$2:$B$931,Alternativas!$B$2:$B$51,H$2)) -> 0.42029852 | I26: =SUMPRODUCT((AtractivoAlternativas!$A$2:$A$931=$A26)*AtractivoAlternativas!$C$2:$C$931*COUNTIFS(Alternativas!$A$2:$A$51,AtractivoAlternativas!$B$2:$B$931,Alternativas!$B$2:$B$51,I$2)) -> 0.98579085 | J26: =SUMPRODUCT((AtractivoAlternativas!$A$2:$A$931=$A26)*AtractivoAlternativas!$C$2:$C$931*COUNTIFS(Alternativas!$A$2:$A$51,AtractivoAlternativas!$B$2:$B$931,Alternativas!$B$2:$B$51,J$2)) -> 0 | K26: =SUMPRODUCT((AtractivoAlternativas!$A$2:$A$931=$A26)*AtractivoAlternativas!$C$2:$C$931*COUNTIFS(Alternativas!$A$2:$A$51,AtractivoAlternativas!$B$2:$B$931,Alternativas!$B$2:$B$51,K$2)) -> 0 | L26: =SUMPRODUCT((AtractivoAlternativas!$A$2:$A$931=$A26)*AtractivoAlternativas!$C$2:$C$931*COUNTIFS(Alternativas!$A$2:$A$51,AtractivoAlternativas!$B$2:$B$931,Alternativas!$B$2:$B$51,L$2)) -> 0 | M26: =SUMIFS(AtractivoSitios!$C:$C,AtractivoSitios!$A:$A,$A26,AtractivoSitios!$B:$B,M$2) -> 0 | N26: =SUMIFS(AtractivoSitios!$C:$C,AtractivoSitios!$A:$A,$A26,AtractivoSitios!$B:$B,N$2) -> 0 | O26: =SUMIFS(AtractivoSitios!$C:$C,AtractivoSitios!$A:$A,$A26,AtractivoSitios!$B:$B,O$2) -> 0 | P26: =SUMIFS(AtractivoSitios!$C:$C,AtractivoSitios!$A:$A,$A26,AtractivoSitios!$B:$B,P$2) -> 0 | Q26: =SUMIFS(AtractivoSitios!$C:$C,AtractivoSitios!$A:$A,$A26,AtractivoSitios!$B:$B,Q$2) -> 0 | R26: =SUMIFS(AtractivoSitios!$C:$C,AtractivoSitios!$A:$A,$A26,AtractivoSitios!$B:$B,R$2) -> 0 | S26: =SUMIFS(AtractivoSitios!$C:$C,AtractivoSitios!$A:$A,$A26,AtractivoSitios!$B:$B,S$2) -> 0 | T26: =SUM(M26:S26) -> 0 | U26: =C26/(AD$4+H26+$T26) -> 0.00019280443 | V26: =D26/(AE$4+I26+$T26) -> 5.5628938e-05 | W26: =E26/(AF$4+J26+$T26) -> 0.00032857291 | X26: =F26/(AG$4+K26+$T26) -> 1.7469273e-05 | Y26: =G26/(AH$4+L26+$T26) -> 1.083362e-05 | AA26: beta se bajó desde 2,1/km porque con ese valor el modelo asignaba más material a los puntos que reciben menos (correlación negativa); ver tabla de comparación de beta.
A27: Z25 | B27: =SUMIFS(Sectores!$C:$C,Sectores!$A:$A,$A27) -> 1341 | C27: =SUMIFS(Generacion!$C:$C,Generacion!$A:$A,$A27,Generacion!$B:$B,C$2) -> 0.043533877 | D27: =SUMIFS(Generacion!$C:$C,Generacion!$A:$A,$A27,Generacion!$B:$B,D$2) -> 0.037870933 | E27: =SUMIFS(Generacion!$C:$C,Generacion!$A:$A,$A27,Generacion!$B:$B,E$2) -> 0.01344949 | F27: =SUMIFS(Generacion!$C:$C,Generacion!$A:$A,$A27,Generacion!$B:$B,F$2) -> 0.0035393396 | G27: =SUMIFS(Generacion!$C:$C,Generacion!$A:$A,$A27,Generacion!$B:$B,G$2) -> 0.0024775377 | H27: =SUMPRODUCT((AtractivoAlternativas!$A$2:$A$931=$A27)*AtractivoAlternativas!$C$2:$C$931*COUNTIFS(Alternativas!$A$2:$A$51,AtractivoAlternativas!$B$2:$B$931,Alternativas!$B$2:$B$51,H$2)) -> 0.54498292 | I27: =SUMPRODUCT((AtractivoAlternativas!$A$2:$A$931=$A27)*AtractivoAlternativas!$C$2:$C$931*COUNTIFS(Alternativas!$A$2:$A$51,AtractivoAlternativas!$B$2:$B$931,Alternativas!$B$2:$B$51,I$2)) -> 2.7757499 | J27: =SUMPRODUCT((AtractivoAlternativas!$A$2:$A$931=$A27)*AtractivoAlternativas!$C$2:$C$931*COUNTIFS(Alternativas!$A$2:$A$51,AtractivoAlternativas!$B$2:$B$931,Alternativas!$B$2:$B$51,J$2)) -> 0.5009863 | K27: =SUMPRODUCT((AtractivoAlternativas!$A$2:$A$931=$A27)*AtractivoAlternativas!$C$2:$C$931*COUNTIFS(Alternativas!$A$2:$A$51,AtractivoAlternativas!$B$2:$B$931,Alternativas!$B$2:$B$51,K$2)) -> 0 | L27: =SUMPRODUCT((AtractivoAlternativas!$A$2:$A$931=$A27)*AtractivoAlternativas!$C$2:$C$931*COUNTIFS(Alternativas!$A$2:$A$51,AtractivoAlternativas!$B$2:$B$931,Alternativas!$B$2:$B$51,L$2)) -> 0 | M27: =SUMIFS(AtractivoSitios!$C:$C,AtractivoSitios!$A:$A,$A27,AtractivoSitios!$B:$B,M$2) -> 0 | N27: =SUMIFS(AtractivoSitios!$C:$C,AtractivoSitios!$A:$A,$A27,AtractivoSitios!$B:$B,N$2) -> 0 | O27: =SUMIFS(AtractivoSitios!$C:$C,AtractivoSitios!$A:$A,$A27,AtractivoSitios!$B:$B,O$2) -> 0 | P27: =SUMIFS(AtractivoSitios!$C:$C,AtractivoSitios!$A:$A,$A27,AtractivoSitios!$B:$B,P$2) -> 0 | Q27: =SUMIFS(AtractivoSitios!$C:$C,AtractivoSitios!$A:$A,$A27,AtractivoSitios!$B:$B,Q$2) -> 0.41234728 | R27: =SUMIFS(AtractivoSitios!$C:$C,AtractivoSitios!$A:$A,$A27,AtractivoSitios!$B:$B,R$2) -> 0 | S27: =SUMIFS(AtractivoSitios!$C:$C,AtractivoSitios!$A:$A,$A27,AtractivoSitios!$B:$B,S$2) -> 0 | T27: =SUM(M27:S27) -> 0.41234728 | U27: =C27/(AD$4+H27+$T27) -> 0.00019234695 | V27: =D27/(AE$4+I27+$T27) -> 5.5449559e-05 | W27: =E27/(AF$4+J27+$T27) -> 0.00032140153 | X27: =F27/(AG$4+K27+$T27) -> 1.7433791e-05 | Y27: =G27/(AH$4+L27+$T27) -> 1.0814122e-05 | AA27: Comparación de beta (repitiendo esta hoja con cada valor; Dmax = 2 km)
A28: Z26 | B28: =SUMIFS(Sectores!$C:$C,Sectores!$A:$A,$A28) -> 2373 | C28: =SUMIFS(Generacion!$C:$C,Generacion!$A:$A,$A28,Generacion!$B:$B,C$2) -> 0.043533877 | D28: =SUMIFS(Generacion!$C:$C,Generacion!$A:$A,$A28,Generacion!$B:$B,D$2) -> 0.037870933 | E28: =SUMIFS(Generacion!$C:$C,Generacion!$A:$A,$A28,Generacion!$B:$B,E$2) -> 0.01344949 | F28: =SUMIFS(Generacion!$C:$C,Generacion!$A:$A,$A28,Generacion!$B:$B,F$2) -> 0.0035393396 | G28: =SUMIFS(Generacion!$C:$C,Generacion!$A:$A,$A28,Generacion!$B:$B,G$2) -> 0.0024775377 | H28: =SUMPRODUCT((AtractivoAlternativas!$A$2:$A$931=$A28)*AtractivoAlternativas!$C$2:$C$931*COUNTIFS(Alternativas!$A$2:$A$51,AtractivoAlternativas!$B$2:$B$931,Alternativas!$B$2:$B$51,H$2)) -> 1.2321176 | I28: =SUMPRODUCT((AtractivoAlternativas!$A$2:$A$931=$A28)*AtractivoAlternativas!$C$2:$C$931*COUNTIFS(Alternativas!$A$2:$A$51,AtractivoAlternativas!$B$2:$B$931,Alternativas!$B$2:$B$51,I$2)) -> 3.1732632 | J28: =SUMPRODUCT((AtractivoAlternativas!$A$2:$A$931=$A28)*AtractivoAlternativas!$C$2:$C$931*COUNTIFS(Alternativas!$A$2:$A$51,AtractivoAlternativas!$B$2:$B$931,Alternativas!$B$2:$B$51,J$2)) -> 1.7006332 | K28: =SUMPRODUCT((AtractivoAlternativas!$A$2:$A$931=$A28)*AtractivoAlternativas!$C$2:$C$931*COUNTIFS(Alternativas!$A$2:$A$51,AtractivoAlternativas!$B$2:$B$931,Alternativas!$B$2:$B$51,K$2)) -> 0 | L28: =SUMPRODUCT((AtractivoAlternativas!$A$2:$A$931=$A28)*AtractivoAlternativas!$C$2:$C$931*COUNTIFS(Alternativas!$A$2:$A$51,AtractivoAlternativas!$B$2:$B$931,Alternativas!$B$2:$B$51,L$2)) -> 0 | M28: =SUMIFS(AtractivoSitios!$C:$C,AtractivoSitios!$A:$A,$A28,AtractivoSitios!$B:$B,M$2) -> 0 | N28: =SUMIFS(AtractivoSitios!$C:$C,AtractivoSitios!$A:$A,$A28,AtractivoSitios!$B:$B,N$2) -> 0 | O28: =SUMIFS(AtractivoSitios!$C:$C,AtractivoSitios!$A:$A,$A28,AtractivoSitios!$B:$B,O$2) -> 0 | P28: =SUMIFS(AtractivoSitios!$C:$C,AtractivoSitios!$A:$A,$A28,AtractivoSitios!$B:$B,P$2) -> 0 | Q28: =SUMIFS(AtractivoSitios!$C:$C,AtractivoSitios!$A:$A,$A28,AtractivoSitios!$B:$B,Q$2) -> 0 | R28: =SUMIFS(AtractivoSitios!$C:$C,AtractivoSitios!$A:$A,$A28,AtractivoSitios!$B:$B,R$2) -> 0 | S28: =SUMIFS(AtractivoSitios!$C:$C,AtractivoSitios!$A:$A,$A28,AtractivoSitios!$B:$B,S$2) -> 0 | T28: =SUM(M28:S28) -> 0 | U28: =C28/(AD$4+H28+$T28) -> 0.00019211371 | V28: =D28/(AE$4+I28+$T28) -> 5.5450763e-05 | W28: =E28/(AF$4+J28+$T28) -> 0.00031546633 | X28: =F28/(AG$4+K28+$T28) -> 1.7469273e-05 | Y28: =G28/(AH$4+L28+$T28) -> 1.083362e-05 | AC28: beta [1/km] | AD28: error absoluto, 6 puntos [t] | AE28: correlación modelo-real [-]
A29: Z27 | B29: =SUMIFS(Sectores!$C:$C,Sectores!$A:$A,$A29) -> 2279 | C29: =SUMIFS(Generacion!$C:$C,Generacion!$A:$A,$A29,Generacion!$B:$B,C$2) -> 0.043533877 | D29: =SUMIFS(Generacion!$C:$C,Generacion!$A:$A,$A29,Generacion!$B:$B,D$2) -> 0.037870933 | E29: =SUMIFS(Generacion!$C:$C,Generacion!$A:$A,$A29,Generacion!$B:$B,E$2) -> 0.01344949 | F29: =SUMIFS(Generacion!$C:$C,Generacion!$A:$A,$A29,Generacion!$B:$B,F$2) -> 0.0035393396 | G29: =SUMIFS(Generacion!$C:$C,Generacion!$A:$A,$A29,Generacion!$B:$B,G$2) -> 0.0024775377 | H29: =SUMPRODUCT((AtractivoAlternativas!$A$2:$A$931=$A29)*AtractivoAlternativas!$C$2:$C$931*COUNTIFS(Alternativas!$A$2:$A$51,AtractivoAlternativas!$B$2:$B$931,Alternativas!$B$2:$B$51,H$2)) -> 1.4538679 | I29: =SUMPRODUCT((AtractivoAlternativas!$A$2:$A$931=$A29)*AtractivoAlternativas!$C$2:$C$931*COUNTIFS(Alternativas!$A$2:$A$51,AtractivoAlternativas!$B$2:$B$931,Alternativas!$B$2:$B$51,I$2)) -> 3.2325896 | J29: =SUMPRODUCT((AtractivoAlternativas!$A$2:$A$931=$A29)*AtractivoAlternativas!$C$2:$C$931*COUNTIFS(Alternativas!$A$2:$A$51,AtractivoAlternativas!$B$2:$B$931,Alternativas!$B$2:$B$51,J$2)) -> 1.8181465 | K29: =SUMPRODUCT((AtractivoAlternativas!$A$2:$A$931=$A29)*AtractivoAlternativas!$C$2:$C$931*COUNTIFS(Alternativas!$A$2:$A$51,AtractivoAlternativas!$B$2:$B$931,Alternativas!$B$2:$B$51,K$2)) -> 0 | L29: =SUMPRODUCT((AtractivoAlternativas!$A$2:$A$931=$A29)*AtractivoAlternativas!$C$2:$C$931*COUNTIFS(Alternativas!$A$2:$A$51,AtractivoAlternativas!$B$2:$B$931,Alternativas!$B$2:$B$51,L$2)) -> 0 | M29: =SUMIFS(AtractivoSitios!$C:$C,AtractivoSitios!$A:$A,$A29,AtractivoSitios!$B:$B,M$2) -> 0 | N29: =SUMIFS(AtractivoSitios!$C:$C,AtractivoSitios!$A:$A,$A29,AtractivoSitios!$B:$B,N$2) -> 0 | O29: =SUMIFS(AtractivoSitios!$C:$C,AtractivoSitios!$A:$A,$A29,AtractivoSitios!$B:$B,O$2) -> 0 | P29: =SUMIFS(AtractivoSitios!$C:$C,AtractivoSitios!$A:$A,$A29,AtractivoSitios!$B:$B,P$2) -> 0 | Q29: =SUMIFS(AtractivoSitios!$C:$C,AtractivoSitios!$A:$A,$A29,AtractivoSitios!$B:$B,Q$2) -> 0 | R29: =SUMIFS(AtractivoSitios!$C:$C,AtractivoSitios!$A:$A,$A29,AtractivoSitios!$B:$B,R$2) -> 0 | S29: =SUMIFS(AtractivoSitios!$C:$C,AtractivoSitios!$A:$A,$A29,AtractivoSitios!$B:$B,S$2) -> 0 | T29: =SUM(M29:S29) -> 0 | U29: =C29/(AD$4+H29+$T29) -> 0.00019192589 | V29: =D29/(AE$4+I29+$T29) -> 5.5445947e-05 | W29: =E29/(AF$4+J29+$T29) -> 0.00031459918 | X29: =F29/(AG$4+K29+$T29) -> 1.7469273e-05 | Y29: =G29/(AH$4+L29+$T29) -> 1.083362e-05 | AC29: 2.1 | AD29: 90.5 | AE29: -0.25
A30: Z28 | B30: =SUMIFS(Sectores!$C:$C,Sectores!$A:$A,$A30) -> 4252 | C30: =SUMIFS(Generacion!$C:$C,Generacion!$A:$A,$A30,Generacion!$B:$B,C$2) -> 0.043533877 | D30: =SUMIFS(Generacion!$C:$C,Generacion!$A:$A,$A30,Generacion!$B:$B,D$2) -> 0.037870933 | E30: =SUMIFS(Generacion!$C:$C,Generacion!$A:$A,$A30,Generacion!$B:$B,E$2) -> 0.01344949 | F30: =SUMIFS(Generacion!$C:$C,Generacion!$A:$A,$A30,Generacion!$B:$B,F$2) -> 0.0035393396 | G30: =SUMIFS(Generacion!$C:$C,Generacion!$A:$A,$A30,Generacion!$B:$B,G$2) -> 0.0024775377 | H30: =SUMPRODUCT((AtractivoAlternativas!$A$2:$A$931=$A30)*AtractivoAlternativas!$C$2:$C$931*COUNTIFS(Alternativas!$A$2:$A$51,AtractivoAlternativas!$B$2:$B$931,Alternativas!$B$2:$B$51,H$2)) -> 1.516846 | I30: =SUMPRODUCT((AtractivoAlternativas!$A$2:$A$931=$A30)*AtractivoAlternativas!$C$2:$C$931*COUNTIFS(Alternativas!$A$2:$A$51,AtractivoAlternativas!$B$2:$B$931,Alternativas!$B$2:$B$51,I$2)) -> 3.2375598 | J30: =SUMPRODUCT((AtractivoAlternativas!$A$2:$A$931=$A30)*AtractivoAlternativas!$C$2:$C$931*COUNTIFS(Alternativas!$A$2:$A$51,AtractivoAlternativas!$B$2:$B$931,Alternativas!$B$2:$B$51,J$2)) -> 2.6664924 | K30: =SUMPRODUCT((AtractivoAlternativas!$A$2:$A$931=$A30)*AtractivoAlternativas!$C$2:$C$931*COUNTIFS(Alternativas!$A$2:$A$51,AtractivoAlternativas!$B$2:$B$931,Alternativas!$B$2:$B$51,K$2)) -> 0 | L30: =SUMPRODUCT((AtractivoAlternativas!$A$2:$A$931=$A30)*AtractivoAlternativas!$C$2:$C$931*COUNTIFS(Alternativas!$A$2:$A$51,AtractivoAlternativas!$B$2:$B$931,Alternativas!$B$2:$B$51,L$2)) -> 0 | M30: =SUMIFS(AtractivoSitios!$C:$C,AtractivoSitios!$A:$A,$A30,AtractivoSitios!$B:$B,M$2) -> 0 | N30: =SUMIFS(AtractivoSitios!$C:$C,AtractivoSitios!$A:$A,$A30,AtractivoSitios!$B:$B,N$2) -> 0 | O30: =SUMIFS(AtractivoSitios!$C:$C,AtractivoSitios!$A:$A,$A30,AtractivoSitios!$B:$B,O$2) -> 0 | P30: =SUMIFS(AtractivoSitios!$C:$C,AtractivoSitios!$A:$A,$A30,AtractivoSitios!$B:$B,P$2) -> 0 | Q30: =SUMIFS(AtractivoSitios!$C:$C,AtractivoSitios!$A:$A,$A30,AtractivoSitios!$B:$B,Q$2) -> 0 | R30: =SUMIFS(AtractivoSitios!$C:$C,AtractivoSitios!$A:$A,$A30,AtractivoSitios!$B:$B,R$2) -> 0 | S30: =SUMIFS(AtractivoSitios!$C:$C,AtractivoSitios!$A:$A,$A30,AtractivoSitios!$B:$B,S$2) -> 0 | T30: =SUM(M30:S30) -> 0 | U30: =C30/(AD$4+H30+$T30) -> 0.00019187262 | V30: =D30/(AE$4+I30+$T30) -> 5.5445544e-05 | W30: =E30/(AF$4+J30+$T30) -> 0.00030847781 | X30: =F30/(AG$4+K30+$T30) -> 1.7469273e-05 | Y30: =G30/(AH$4+L30+$T30) -> 1.083362e-05 | AC30: 1 | AD30: 72.5 | AE30: 0.29
A31: Z29 | B31: =SUMIFS(Sectores!$C:$C,Sectores!$A:$A,$A31) -> 2790 | C31: =SUMIFS(Generacion!$C:$C,Generacion!$A:$A,$A31,Generacion!$B:$B,C$2) -> 0.043533877 | D31: =SUMIFS(Generacion!$C:$C,Generacion!$A:$A,$A31,Generacion!$B:$B,D$2) -> 0.037870933 | E31: =SUMIFS(Generacion!$C:$C,Generacion!$A:$A,$A31,Generacion!$B:$B,E$2) -> 0.01344949 | F31: =SUMIFS(Generacion!$C:$C,Generacion!$A:$A,$A31,Generacion!$B:$B,F$2) -> 0.0035393396 | G31: =SUMIFS(Generacion!$C:$C,Generacion!$A:$A,$A31,Generacion!$B:$B,G$2) -> 0.0024775377 | H31: =SUMPRODUCT((AtractivoAlternativas!$A$2:$A$931=$A31)*AtractivoAlternativas!$C$2:$C$931*COUNTIFS(Alternativas!$A$2:$A$51,AtractivoAlternativas!$B$2:$B$931,Alternativas!$B$2:$B$51,H$2)) -> 1.4543907 | I31: =SUMPRODUCT((AtractivoAlternativas!$A$2:$A$931=$A31)*AtractivoAlternativas!$C$2:$C$931*COUNTIFS(Alternativas!$A$2:$A$51,AtractivoAlternativas!$B$2:$B$931,Alternativas!$B$2:$B$51,I$2)) -> 2.9825076 | J31: =SUMPRODUCT((AtractivoAlternativas!$A$2:$A$931=$A31)*AtractivoAlternativas!$C$2:$C$931*COUNTIFS(Alternativas!$A$2:$A$51,AtractivoAlternativas!$B$2:$B$931,Alternativas!$B$2:$B$51,J$2)) -> 2.327971 | K31: =SUMPRODUCT((AtractivoAlternativas!$A$2:$A$931=$A31)*AtractivoAlternativas!$C$2:$C$931*COUNTIFS(Alternativas!$A$2:$A$51,AtractivoAlternativas!$B$2:$B$931,Alternativas!$B$2:$B$51,K$2)) -> 0 | L31: =SUMPRODUCT((AtractivoAlternativas!$A$2:$A$931=$A31)*AtractivoAlternativas!$C$2:$C$931*COUNTIFS(Alternativas!$A$2:$A$51,AtractivoAlternativas!$B$2:$B$931,Alternativas!$B$2:$B$51,L$2)) -> 0 | M31: =SUMIFS(AtractivoSitios!$C:$C,AtractivoSitios!$A:$A,$A31,AtractivoSitios!$B:$B,M$2) -> 0 | N31: =SUMIFS(AtractivoSitios!$C:$C,AtractivoSitios!$A:$A,$A31,AtractivoSitios!$B:$B,N$2) -> 0 | O31: =SUMIFS(AtractivoSitios!$C:$C,AtractivoSitios!$A:$A,$A31,AtractivoSitios!$B:$B,O$2) -> 0 | P31: =SUMIFS(AtractivoSitios!$C:$C,AtractivoSitios!$A:$A,$A31,AtractivoSitios!$B:$B,P$2) -> 0 | Q31: =SUMIFS(AtractivoSitios!$C:$C,AtractivoSitios!$A:$A,$A31,AtractivoSitios!$B:$B,Q$2) -> 0 | R31: =SUMIFS(AtractivoSitios!$C:$C,AtractivoSitios!$A:$A,$A31,AtractivoSitios!$B:$B,R$2) -> 0 | S31: =SUMIFS(AtractivoSitios!$C:$C,AtractivoSitios!$A:$A,$A31,AtractivoSitios!$B:$B,S$2) -> 0 | T31: =SUM(M31:S31) -> 0 | U31: =C31/(AD$4+H31+$T31) -> 0.00019192545 | V31: =D31/(AE$4+I31+$T31) -> 5.5466255e-05 | W31: =E31/(AF$4+J31+$T31) -> 0.00031089168 | X31: =F31/(AG$4+K31+$T31) -> 1.7469273e-05 | Y31: =G31/(AH$4+L31+$T31) -> 1.083362e-05 | AC31: 0.5 | AD31: 64.2 | AE31: 0.5
A32: Z30 | B32: =SUMIFS(Sectores!$C:$C,Sectores!$A:$A,$A32) -> 4569 | C32: =SUMIFS(Generacion!$C:$C,Generacion!$A:$A,$A32,Generacion!$B:$B,C$2) -> 0.043533877 | D32: =SUMIFS(Generacion!$C:$C,Generacion!$A:$A,$A32,Generacion!$B:$B,D$2) -> 0.037870933 | E32: =SUMIFS(Generacion!$C:$C,Generacion!$A:$A,$A32,Generacion!$B:$B,E$2) -> 0.01344949 | F32: =SUMIFS(Generacion!$C:$C,Generacion!$A:$A,$A32,Generacion!$B:$B,F$2) -> 0.0035393396 | G32: =SUMIFS(Generacion!$C:$C,Generacion!$A:$A,$A32,Generacion!$B:$B,G$2) -> 0.0024775377 | H32: =SUMPRODUCT((AtractivoAlternativas!$A$2:$A$931=$A32)*AtractivoAlternativas!$C$2:$C$931*COUNTIFS(Alternativas!$A$2:$A$51,AtractivoAlternativas!$B$2:$B$931,Alternativas!$B$2:$B$51,H$2)) -> 1.268283 | I32: =SUMPRODUCT((AtractivoAlternativas!$A$2:$A$931=$A32)*AtractivoAlternativas!$C$2:$C$931*COUNTIFS(Alternativas!$A$2:$A$51,AtractivoAlternativas!$B$2:$B$931,Alternativas!$B$2:$B$51,I$2)) -> 2.8287652 | J32: =SUMPRODUCT((AtractivoAlternativas!$A$2:$A$931=$A32)*AtractivoAlternativas!$C$2:$C$931*COUNTIFS(Alternativas!$A$2:$A$51,AtractivoAlternativas!$B$2:$B$931,Alternativas!$B$2:$B$51,J$2)) -> 2.3773654 | K32: =SUMPRODUCT((AtractivoAlternativas!$A$2:$A$931=$A32)*AtractivoAlternativas!$C$2:$C$931*COUNTIFS(Alternativas!$A$2:$A$51,AtractivoAlternativas!$B$2:$B$931,Alternativas!$B$2:$B$51,K$2)) -> 0 | L32: =SUMPRODUCT((AtractivoAlternativas!$A$2:$A$931=$A32)*AtractivoAlternativas!$C$2:$C$931*COUNTIFS(Alternativas!$A$2:$A$51,AtractivoAlternativas!$B$2:$B$931,Alternativas!$B$2:$B$51,L$2)) -> 0 | M32: =SUMIFS(AtractivoSitios!$C:$C,AtractivoSitios!$A:$A,$A32,AtractivoSitios!$B:$B,M$2) -> 0 | N32: =SUMIFS(AtractivoSitios!$C:$C,AtractivoSitios!$A:$A,$A32,AtractivoSitios!$B:$B,N$2) -> 0 | O32: =SUMIFS(AtractivoSitios!$C:$C,AtractivoSitios!$A:$A,$A32,AtractivoSitios!$B:$B,O$2) -> 0 | P32: =SUMIFS(AtractivoSitios!$C:$C,AtractivoSitios!$A:$A,$A32,AtractivoSitios!$B:$B,P$2) -> 0 | Q32: =SUMIFS(AtractivoSitios!$C:$C,AtractivoSitios!$A:$A,$A32,AtractivoSitios!$B:$B,Q$2) -> 0 | R32: =SUMIFS(AtractivoSitios!$C:$C,AtractivoSitios!$A:$A,$A32,AtractivoSitios!$B:$B,R$2) -> 0 | S32: =SUMIFS(AtractivoSitios!$C:$C,AtractivoSitios!$A:$A,$A32,AtractivoSitios!$B:$B,S$2) -> 0 | T32: =SUM(M32:S32) -> 0 | U32: =C32/(AD$4+H32+$T32) -> 0.00019208305 | V32: =D32/(AE$4+I32+$T32) -> 5.5478748e-05 | W32: =E32/(AF$4+J32+$T32) -> 0.00031053712 | X32: =F32/(AG$4+K32+$T32) -> 1.7469273e-05 | Y32: =G32/(AH$4+L32+$T32) -> 1.083362e-05
A33: Z31 | B33: =SUMIFS(Sectores!$C:$C,Sectores!$A:$A,$A33) -> 4583 | C33: =SUMIFS(Generacion!$C:$C,Generacion!$A:$A,$A33,Generacion!$B:$B,C$2) -> 0.043533877 | D33: =SUMIFS(Generacion!$C:$C,Generacion!$A:$A,$A33,Generacion!$B:$B,D$2) -> 0.037870933 | E33: =SUMIFS(Generacion!$C:$C,Generacion!$A:$A,$A33,Generacion!$B:$B,E$2) -> 0.01344949 | F33: =SUMIFS(Generacion!$C:$C,Generacion!$A:$A,$A33,Generacion!$B:$B,F$2) -> 0.0035393396 | G33: =SUMIFS(Generacion!$C:$C,Generacion!$A:$A,$A33,Generacion!$B:$B,G$2) -> 0.0024775377 | H33: =SUMPRODUCT((AtractivoAlternativas!$A$2:$A$931=$A33)*AtractivoAlternativas!$C$2:$C$931*COUNTIFS(Alternativas!$A$2:$A$51,AtractivoAlternativas!$B$2:$B$931,Alternativas!$B$2:$B$51,H$2)) -> 1.0183788 | I33: =SUMPRODUCT((AtractivoAlternativas!$A$2:$A$931=$A33)*AtractivoAlternativas!$C$2:$C$931*COUNTIFS(Alternativas!$A$2:$A$51,AtractivoAlternativas!$B$2:$B$931,Alternativas!$B$2:$B$51,I$2)) -> 2.4140463 | J33: =SUMPRODUCT((AtractivoAlternativas!$A$2:$A$931=$A33)*AtractivoAlternativas!$C$2:$C$931*COUNTIFS(Alternativas!$A$2:$A$51,AtractivoAlternativas!$B$2:$B$931,Alternativas!$B$2:$B$51,J$2)) -> 1.1434364 | K33: =SUMPRODUCT((AtractivoAlternativas!$A$2:$A$931=$A33)*AtractivoAlternativas!$C$2:$C$931*COUNTIFS(Alternativas!$A$2:$A$51,AtractivoAlternativas!$B$2:$B$931,Alternativas!$B$2:$B$51,K$2)) -> 0 | L33: =SUMPRODUCT((AtractivoAlternativas!$A$2:$A$931=$A33)*AtractivoAlternativas!$C$2:$C$931*COUNTIFS(Alternativas!$A$2:$A$51,AtractivoAlternativas!$B$2:$B$931,Alternativas!$B$2:$B$51,L$2)) -> 0 | M33: =SUMIFS(AtractivoSitios!$C:$C,AtractivoSitios!$A:$A,$A33,AtractivoSitios!$B:$B,M$2) -> 0 | N33: =SUMIFS(AtractivoSitios!$C:$C,AtractivoSitios!$A:$A,$A33,AtractivoSitios!$B:$B,N$2) -> 0 | O33: =SUMIFS(AtractivoSitios!$C:$C,AtractivoSitios!$A:$A,$A33,AtractivoSitios!$B:$B,O$2) -> 0 | P33: =SUMIFS(AtractivoSitios!$C:$C,AtractivoSitios!$A:$A,$A33,AtractivoSitios!$B:$B,P$2) -> 0 | Q33: =SUMIFS(AtractivoSitios!$C:$C,AtractivoSitios!$A:$A,$A33,AtractivoSitios!$B:$B,Q$2) -> 0 | R33: =SUMIFS(AtractivoSitios!$C:$C,AtractivoSitios!$A:$A,$A33,AtractivoSitios!$B:$B,R$2) -> 0 | S33: =SUMIFS(AtractivoSitios!$C:$C,AtractivoSitios!$A:$A,$A33,AtractivoSitios!$B:$B,S$2) -> 0 | T33: =SUM(M33:S33) -> 0 | U33: =C33/(AD$4+H33+$T33) -> 0.00019229508 | V33: =D33/(AE$4+I33+$T33) -> 5.5512474e-05 | W33: =E33/(AF$4+J33+$T33) -> 0.00031964388 | X33: =F33/(AG$4+K33+$T33) -> 1.7469273e-05 | Y33: =G33/(AH$4+L33+$T33) -> 1.083362e-05
A34: Z32 | B34: =SUMIFS(Sectores!$C:$C,Sectores!$A:$A,$A34) -> 3445 | C34: =SUMIFS(Generacion!$C:$C,Generacion!$A:$A,$A34,Generacion!$B:$B,C$2) -> 0.043533877 | D34: =SUMIFS(Generacion!$C:$C,Generacion!$A:$A,$A34,Generacion!$B:$B,D$2) -> 0.037870933 | E34: =SUMIFS(Generacion!$C:$C,Generacion!$A:$A,$A34,Generacion!$B:$B,E$2) -> 0.01344949 | F34: =SUMIFS(Generacion!$C:$C,Generacion!$A:$A,$A34,Generacion!$B:$B,F$2) -> 0.0035393396 | G34: =SUMIFS(Generacion!$C:$C,Generacion!$A:$A,$A34,Generacion!$B:$B,G$2) -> 0.0024775377 | H34: =SUMPRODUCT((AtractivoAlternativas!$A$2:$A$931=$A34)*AtractivoAlternativas!$C$2:$C$931*COUNTIFS(Alternativas!$A$2:$A$51,AtractivoAlternativas!$B$2:$B$931,Alternativas!$B$2:$B$51,H$2)) -> 1.2089592 | I34: =SUMPRODUCT((AtractivoAlternativas!$A$2:$A$931=$A34)*AtractivoAlternativas!$C$2:$C$931*COUNTIFS(Alternativas!$A$2:$A$51,AtractivoAlternativas!$B$2:$B$931,Alternativas!$B$2:$B$51,I$2)) -> 2.6619517 | J34: =SUMPRODUCT((AtractivoAlternativas!$A$2:$A$931=$A34)*AtractivoAlternativas!$C$2:$C$931*COUNTIFS(Alternativas!$A$2:$A$51,AtractivoAlternativas!$B$2:$B$931,Alternativas!$B$2:$B$51,J$2)) -> 2.2559768 | K34: =SUMPRODUCT((AtractivoAlternativas!$A$2:$A$931=$A34)*AtractivoAlternativas!$C$2:$C$931*COUNTIFS(Alternativas!$A$2:$A$51,AtractivoAlternativas!$B$2:$B$931,Alternativas!$B$2:$B$51,K$2)) -> 0 | L34: =SUMPRODUCT((AtractivoAlternativas!$A$2:$A$931=$A34)*AtractivoAlternativas!$C$2:$C$931*COUNTIFS(Alternativas!$A$2:$A$51,AtractivoAlternativas!$B$2:$B$931,Alternativas!$B$2:$B$51,L$2)) -> 0 | M34: =SUMIFS(AtractivoSitios!$C:$C,AtractivoSitios!$A:$A,$A34,AtractivoSitios!$B:$B,M$2) -> 0 | N34: =SUMIFS(AtractivoSitios!$C:$C,AtractivoSitios!$A:$A,$A34,AtractivoSitios!$B:$B,N$2) -> 0 | O34: =SUMIFS(AtractivoSitios!$C:$C,AtractivoSitios!$A:$A,$A34,AtractivoSitios!$B:$B,O$2) -> 0 | P34: =SUMIFS(AtractivoSitios!$C:$C,AtractivoSitios!$A:$A,$A34,AtractivoSitios!$B:$B,P$2) -> 0 | Q34: =SUMIFS(AtractivoSitios!$C:$C,AtractivoSitios!$A:$A,$A34,AtractivoSitios!$B:$B,Q$2) -> 0 | R34: =SUMIFS(AtractivoSitios!$C:$C,AtractivoSitios!$A:$A,$A34,AtractivoSitios!$B:$B,R$2) -> 0 | S34: =SUMIFS(AtractivoSitios!$C:$C,AtractivoSitios!$A:$A,$A34,AtractivoSitios!$B:$B,S$2) -> 0 | T34: =SUM(M34:S34) -> 0 | U34: =C34/(AD$4+H34+$T34) -> 0.00019213334 | V34: =D34/(AE$4+I34+$T34) -> 5.5492309e-05 | W34: =E34/(AF$4+J34+$T34) -> 0.00031140992 | X34: =F34/(AG$4+K34+$T34) -> 1.7469273e-05 | Y34: =G34/(AH$4+L34+$T34) -> 1.083362e-05
A35: Z33 | B35: =SUMIFS(Sectores!$C:$C,Sectores!$A:$A,$A35) -> 2671 | C35: =SUMIFS(Generacion!$C:$C,Generacion!$A:$A,$A35,Generacion!$B:$B,C$2) -> 0.043533877 | D35: =SUMIFS(Generacion!$C:$C,Generacion!$A:$A,$A35,Generacion!$B:$B,D$2) -> 0.037870933 | E35: =SUMIFS(Generacion!$C:$C,Generacion!$A:$A,$A35,Generacion!$B:$B,E$2) -> 0.01344949 | F35: =SUMIFS(Generacion!$C:$C,Generacion!$A:$A,$A35,Generacion!$B:$B,F$2) -> 0.0035393396 | G35: =SUMIFS(Generacion!$C:$C,Generacion!$A:$A,$A35,Generacion!$B:$B,G$2) -> 0.0024775377 | H35: =SUMPRODUCT((AtractivoAlternativas!$A$2:$A$931=$A35)*AtractivoAlternativas!$C$2:$C$931*COUNTIFS(Alternativas!$A$2:$A$51,AtractivoAlternativas!$B$2:$B$931,Alternativas!$B$2:$B$51,H$2)) -> 1.4342453 | I35: =SUMPRODUCT((AtractivoAlternativas!$A$2:$A$931=$A35)*AtractivoAlternativas!$C$2:$C$931*COUNTIFS(Alternativas!$A$2:$A$51,AtractivoAlternativas!$B$2:$B$931,Alternativas!$B$2:$B$51,I$2)) -> 4.9072416 | J35: =SUMPRODUCT((AtractivoAlternativas!$A$2:$A$931=$A35)*AtractivoAlternativas!$C$2:$C$931*COUNTIFS(Alternativas!$A$2:$A$51,AtractivoAlternativas!$B$2:$B$931,Alternativas!$B$2:$B$51,J$2)) -> 0.63621625 | K35: =SUMPRODUCT((AtractivoAlternativas!$A$2:$A$931=$A35)*AtractivoAlternativas!$C$2:$C$931*COUNTIFS(Alternativas!$A$2:$A$51,AtractivoAlternativas!$B$2:$B$931,Alternativas!$B$2:$B$51,K$2)) -> 0 | L35: =SUMPRODUCT((AtractivoAlternativas!$A$2:$A$931=$A35)*AtractivoAlternativas!$C$2:$C$931*COUNTIFS(Alternativas!$A$2:$A$51,AtractivoAlternativas!$B$2:$B$931,Alternativas!$B$2:$B$51,L$2)) -> 0 | M35: =SUMIFS(AtractivoSitios!$C:$C,AtractivoSitios!$A:$A,$A35,AtractivoSitios!$B:$B,M$2) -> 0 | N35: =SUMIFS(AtractivoSitios!$C:$C,AtractivoSitios!$A:$A,$A35,AtractivoSitios!$B:$B,N$2) -> 0 | O35: =SUMIFS(AtractivoSitios!$C:$C,AtractivoSitios!$A:$A,$A35,AtractivoSitios!$B:$B,O$2) -> 0 | P35: =SUMIFS(AtractivoSitios!$C:$C,AtractivoSitios!$A:$A,$A35,AtractivoSitios!$B:$B,P$2) -> 0.6469673 | Q35: =SUMIFS(AtractivoSitios!$C:$C,AtractivoSitios!$A:$A,$A35,AtractivoSitios!$B:$B,Q$2) -> 0 | R35: =SUMIFS(AtractivoSitios!$C:$C,AtractivoSitios!$A:$A,$A35,AtractivoSitios!$B:$B,R$2) -> 0 | S35: =SUMIFS(AtractivoSitios!$C:$C,AtractivoSitios!$A:$A,$A35,AtractivoSitios!$B:$B,S$2) -> 0 | T35: =SUM(M35:S35) -> 0.6469673 | U35: =C35/(AD$4+H35+$T35) -> 0.00019139654 | V35: =D35/(AE$4+I35+$T35) -> 5.5258123e-05 | W35: =E35/(AF$4+J35+$T35) -> 0.00031858578 | X35: =F35/(AG$4+K35+$T35) -> 1.7413667e-05 | Y35: =G35/(AH$4+L35+$T35) -> 1.0803058e-05
A36: Z34 | B36: =SUMIFS(Sectores!$C:$C,Sectores!$A:$A,$A36) -> 3710 | C36: =SUMIFS(Generacion!$C:$C,Generacion!$A:$A,$A36,Generacion!$B:$B,C$2) -> 0.043533877 | D36: =SUMIFS(Generacion!$C:$C,Generacion!$A:$A,$A36,Generacion!$B:$B,D$2) -> 0.037870933 | E36: =SUMIFS(Generacion!$C:$C,Generacion!$A:$A,$A36,Generacion!$B:$B,E$2) -> 0.01344949 | F36: =SUMIFS(Generacion!$C:$C,Generacion!$A:$A,$A36,Generacion!$B:$B,F$2) -> 0.0035393396 | G36: =SUMIFS(Generacion!$C:$C,Generacion!$A:$A,$A36,Generacion!$B:$B,G$2) -> 0.0024775377 | H36: =SUMPRODUCT((AtractivoAlternativas!$A$2:$A$931=$A36)*AtractivoAlternativas!$C$2:$C$931*COUNTIFS(Alternativas!$A$2:$A$51,AtractivoAlternativas!$B$2:$B$931,Alternativas!$B$2:$B$51,H$2)) -> 1.5082699 | I36: =SUMPRODUCT((AtractivoAlternativas!$A$2:$A$931=$A36)*AtractivoAlternativas!$C$2:$C$931*COUNTIFS(Alternativas!$A$2:$A$51,AtractivoAlternativas!$B$2:$B$931,Alternativas!$B$2:$B$51,I$2)) -> 5.0258243 | J36: =SUMPRODUCT((AtractivoAlternativas!$A$2:$A$931=$A36)*AtractivoAlternativas!$C$2:$C$931*COUNTIFS(Alternativas!$A$2:$A$51,AtractivoAlternativas!$B$2:$B$931,Alternativas!$B$2:$B$51,J$2)) -> 0.7247646 | K36: =SUMPRODUCT((AtractivoAlternativas!$A$2:$A$931=$A36)*AtractivoAlternativas!$C$2:$C$931*COUNTIFS(Alternativas!$A$2:$A$51,AtractivoAlternativas!$B$2:$B$931,Alternativas!$B$2:$B$51,K$2)) -> 0 | L36: =SUMPRODUCT((AtractivoAlternativas!$A$2:$A$931=$A36)*AtractivoAlternativas!$C$2:$C$931*COUNTIFS(Alternativas!$A$2:$A$51,AtractivoAlternativas!$B$2:$B$931,Alternativas!$B$2:$B$51,L$2)) -> 0 | M36: =SUMIFS(AtractivoSitios!$C:$C,AtractivoSitios!$A:$A,$A36,AtractivoSitios!$B:$B,M$2) -> 0 | N36: =SUMIFS(AtractivoSitios!$C:$C,AtractivoSitios!$A:$A,$A36,AtractivoSitios!$B:$B,N$2) -> 0 | O36: =SUMIFS(AtractivoSitios!$C:$C,AtractivoSitios!$A:$A,$A36,AtractivoSitios!$B:$B,O$2) -> 0 | P36: =SUMIFS(AtractivoSitios!$C:$C,AtractivoSitios!$A:$A,$A36,AtractivoSitios!$B:$B,P$2) -> 0.55099556 | Q36: =SUMIFS(AtractivoSitios!$C:$C,AtractivoSitios!$A:$A,$A36,AtractivoSitios!$B:$B,Q$2) -> 0 | R36: =SUMIFS(AtractivoSitios!$C:$C,AtractivoSitios!$A:$A,$A36,AtractivoSitios!$B:$B,R$2) -> 0 | S36: =SUMIFS(AtractivoSitios!$C:$C,AtractivoSitios!$A:$A,$A36,AtractivoSitios!$B:$B,S$2) -> 0.37065941 | T36: =SUM(M36:S36) -> 0.92165498 | U36: =C36/(AD$4+H36+$T36) -> 0.00019110355 | V36: =D36/(AE$4+I36+$T36) -> 5.5226433e-05 | W36: =E36/(AF$4+J36+$T36) -> 0.00031586799 | X36: =F36/(AG$4+K36+$T36) -> 1.7390165e-05 | Y36: =G36/(AH$4+L36+$T36) -> 1.0790135e-05
A37: Z35 | B37: =SUMIFS(Sectores!$C:$C,Sectores!$A:$A,$A37) -> 4926 | C37: =SUMIFS(Generacion!$C:$C,Generacion!$A:$A,$A37,Generacion!$B:$B,C$2) -> 0.043533877 | D37: =SUMIFS(Generacion!$C:$C,Generacion!$A:$A,$A37,Generacion!$B:$B,D$2) -> 0.037870933 | E37: =SUMIFS(Generacion!$C:$C,Generacion!$A:$A,$A37,Generacion!$B:$B,E$2) -> 0.01344949 | F37: =SUMIFS(Generacion!$C:$C,Generacion!$A:$A,$A37,Generacion!$B:$B,F$2) -> 0.0035393396 | G37: =SUMIFS(Generacion!$C:$C,Generacion!$A:$A,$A37,Generacion!$B:$B,G$2) -> 0.0024775377 | H37: =SUMPRODUCT((AtractivoAlternativas!$A$2:$A$931=$A37)*AtractivoAlternativas!$C$2:$C$931*COUNTIFS(Alternativas!$A$2:$A$51,AtractivoAlternativas!$B$2:$B$931,Alternativas!$B$2:$B$51,H$2)) -> 1.4246204 | I37: =SUMPRODUCT((AtractivoAlternativas!$A$2:$A$931=$A37)*AtractivoAlternativas!$C$2:$C$931*COUNTIFS(Alternativas!$A$2:$A$51,AtractivoAlternativas!$B$2:$B$931,Alternativas!$B$2:$B$51,I$2)) -> 4.8249074 | J37: =SUMPRODUCT((AtractivoAlternativas!$A$2:$A$931=$A37)*AtractivoAlternativas!$C$2:$C$931*COUNTIFS(Alternativas!$A$2:$A$51,AtractivoAlternativas!$B$2:$B$931,Alternativas!$B$2:$B$51,J$2)) -> 0.72725877 | K37: =SUMPRODUCT((AtractivoAlternativas!$A$2:$A$931=$A37)*AtractivoAlternativas!$C$2:$C$931*COUNTIFS(Alternativas!$A$2:$A$51,AtractivoAlternativas!$B$2:$B$931,Alternativas!$B$2:$B$51,K$2)) -> 0 | L37: =SUMPRODUCT((AtractivoAlternativas!$A$2:$A$931=$A37)*AtractivoAlternativas!$C$2:$C$931*COUNTIFS(Alternativas!$A$2:$A$51,AtractivoAlternativas!$B$2:$B$931,Alternativas!$B$2:$B$51,L$2)) -> 0 | M37: =SUMIFS(AtractivoSitios!$C:$C,AtractivoSitios!$A:$A,$A37,AtractivoSitios!$B:$B,M$2) -> 0 | N37: =SUMIFS(AtractivoSitios!$C:$C,AtractivoSitios!$A:$A,$A37,AtractivoSitios!$B:$B,N$2) -> 0 | O37: =SUMIFS(AtractivoSitios!$C:$C,AtractivoSitios!$A:$A,$A37,AtractivoSitios!$B:$B,O$2) -> 0 | P37: =SUMIFS(AtractivoSitios!$C:$C,AtractivoSitios!$A:$A,$A37,AtractivoSitios!$B:$B,P$2) -> 0.485539 | Q37: =SUMIFS(AtractivoSitios!$C:$C,AtractivoSitios!$A:$A,$A37,AtractivoSitios!$B:$B,Q$2) -> 0 | R37: =SUMIFS(AtractivoSitios!$C:$C,AtractivoSitios!$A:$A,$A37,AtractivoSitios!$B:$B,R$2) -> 0 | S37: =SUMIFS(AtractivoSitios!$C:$C,AtractivoSitios!$A:$A,$A37,AtractivoSitios!$B:$B,S$2) -> 0.37124857 | T37: =SUM(M37:S37) -> 0.85678756 | U37: =C37/(AD$4+H37+$T37) -> 0.00019122823 | V37: =D37/(AE$4+I37+$T37) -> 5.5247846e-05 | W37: =E37/(AF$4+J37+$T37) -> 0.00031633137 | X37: =F37/(AG$4+K37+$T37) -> 1.7395709e-05 | Y37: =G37/(AH$4+L37+$T37) -> 1.0793184e-05
A38: Z36 | B38: =SUMIFS(Sectores!$C:$C,Sectores!$A:$A,$A38) -> 0 | C38: =SUMIFS(Generacion!$C:$C,Generacion!$A:$A,$A38,Generacion!$B:$B,C$2) -> 0.043533877 | D38: =SUMIFS(Generacion!$C:$C,Generacion!$A:$A,$A38,Generacion!$B:$B,D$2) -> 0.037870933 | E38: =SUMIFS(Generacion!$C:$C,Generacion!$A:$A,$A38,Generacion!$B:$B,E$2) -> 0.01344949 | F38: =SUMIFS(Generacion!$C:$C,Generacion!$A:$A,$A38,Generacion!$B:$B,F$2) -> 0.0035393396 | G38: =SUMIFS(Generacion!$C:$C,Generacion!$A:$A,$A38,Generacion!$B:$B,G$2) -> 0.0024775377 | H38: =SUMPRODUCT((AtractivoAlternativas!$A$2:$A$931=$A38)*AtractivoAlternativas!$C$2:$C$931*COUNTIFS(Alternativas!$A$2:$A$51,AtractivoAlternativas!$B$2:$B$931,Alternativas!$B$2:$B$51,H$2)) -> 1.2250713 | I38: =SUMPRODUCT((AtractivoAlternativas!$A$2:$A$931=$A38)*AtractivoAlternativas!$C$2:$C$931*COUNTIFS(Alternativas!$A$2:$A$51,AtractivoAlternativas!$B$2:$B$931,Alternativas!$B$2:$B$51,I$2)) -> 3.9562505 | J38: =SUMPRODUCT((AtractivoAlternativas!$A$2:$A$931=$A38)*AtractivoAlternativas!$C$2:$C$931*COUNTIFS(Alternativas!$A$2:$A$51,AtractivoAlternativas!$B$2:$B$931,Alternativas!$B$2:$B$51,J$2)) -> 0.67904197 | K38: =SUMPRODUCT((AtractivoAlternativas!$A$2:$A$931=$A38)*AtractivoAlternativas!$C$2:$C$931*COUNTIFS(Alternativas!$A$2:$A$51,AtractivoAlternativas!$B$2:$B$931,Alternativas!$B$2:$B$51,K$2)) -> 0 | L38: =SUMPRODUCT((AtractivoAlternativas!$A$2:$A$931=$A38)*AtractivoAlternativas!$C$2:$C$931*COUNTIFS(Alternativas!$A$2:$A$51,AtractivoAlternativas!$B$2:$B$931,Alternativas!$B$2:$B$51,L$2)) -> 0 | M38: =SUMIFS(AtractivoSitios!$C:$C,AtractivoSitios!$A:$A,$A38,AtractivoSitios!$B:$B,M$2) -> 0 | N38: =SUMIFS(AtractivoSitios!$C:$C,AtractivoSitios!$A:$A,$A38,AtractivoSitios!$B:$B,N$2) -> 0 | O38: =SUMIFS(AtractivoSitios!$C:$C,AtractivoSitios!$A:$A,$A38,AtractivoSitios!$B:$B,O$2) -> 0 | P38: =SUMIFS(AtractivoSitios!$C:$C,AtractivoSitios!$A:$A,$A38,AtractivoSitios!$B:$B,P$2) -> 0 | Q38: =SUMIFS(AtractivoSitios!$C:$C,AtractivoSitios!$A:$A,$A38,AtractivoSitios!$B:$B,Q$2) -> 0 | R38: =SUMIFS(AtractivoSitios!$C:$C,AtractivoSitios!$A:$A,$A38,AtractivoSitios!$B:$B,R$2) -> 0 | S38: =SUMIFS(AtractivoSitios!$C:$C,AtractivoSitios!$A:$A,$A38,AtractivoSitios!$B:$B,S$2) -> 0.42203363 | T38: =SUM(M38:S38) -> 0.42203363 | U38: =C38/(AD$4+H38+$T38) -> 0.00019176253 | V38: =D38/(AE$4+I38+$T38) -> 5.5353099e-05 | W38: =E38/(AF$4+J38+$T38) -> 0.00031996601 | X38: =F38/(AG$4+K38+$T38) -> 1.743296e-05 | Y38: =G38/(AH$4+L38+$T38) -> 1.0813664e-05
A39: Z37 | B39: =SUMIFS(Sectores!$C:$C,Sectores!$A:$A,$A39) -> 7363 | C39: =SUMIFS(Generacion!$C:$C,Generacion!$A:$A,$A39,Generacion!$B:$B,C$2) -> 0.043533877 | D39: =SUMIFS(Generacion!$C:$C,Generacion!$A:$A,$A39,Generacion!$B:$B,D$2) -> 0.037870933 | E39: =SUMIFS(Generacion!$C:$C,Generacion!$A:$A,$A39,Generacion!$B:$B,E$2) -> 0.01344949 | F39: =SUMIFS(Generacion!$C:$C,Generacion!$A:$A,$A39,Generacion!$B:$B,F$2) -> 0.0035393396 | G39: =SUMIFS(Generacion!$C:$C,Generacion!$A:$A,$A39,Generacion!$B:$B,G$2) -> 0.0024775377 | H39: =SUMPRODUCT((AtractivoAlternativas!$A$2:$A$931=$A39)*AtractivoAlternativas!$C$2:$C$931*COUNTIFS(Alternativas!$A$2:$A$51,AtractivoAlternativas!$B$2:$B$931,Alternativas!$B$2:$B$51,H$2)) -> 1.9811775 | I39: =SUMPRODUCT((AtractivoAlternativas!$A$2:$A$931=$A39)*AtractivoAlternativas!$C$2:$C$931*COUNTIFS(Alternativas!$A$2:$A$51,AtractivoAlternativas!$B$2:$B$931,Alternativas!$B$2:$B$51,I$2)) -> 5.1676113 | J39: =SUMPRODUCT((AtractivoAlternativas!$A$2:$A$931=$A39)*AtractivoAlternativas!$C$2:$C$931*COUNTIFS(Alternativas!$A$2:$A$51,AtractivoAlternativas!$B$2:$B$931,Alternativas!$B$2:$B$51,J$2)) -> 1.2788259 | K39: =SUMPRODUCT((AtractivoAlternativas!$A$2:$A$931=$A39)*AtractivoAlternativas!$C$2:$C$931*COUNTIFS(Alternativas!$A$2:$A$51,AtractivoAlternativas!$B$2:$B$931,Alternativas!$B$2:$B$51,K$2)) -> 0 | L39: =SUMPRODUCT((AtractivoAlternativas!$A$2:$A$931=$A39)*AtractivoAlternativas!$C$2:$C$931*COUNTIFS(Alternativas!$A$2:$A$51,AtractivoAlternativas!$B$2:$B$931,Alternativas!$B$2:$B$51,L$2)) -> 0 | M39: =SUMIFS(AtractivoSitios!$C:$C,AtractivoSitios!$A:$A,$A39,AtractivoSitios!$B:$B,M$2) -> 0 | N39: =SUMIFS(AtractivoSitios!$C:$C,AtractivoSitios!$A:$A,$A39,AtractivoSitios!$B:$B,N$2) -> 0 | O39: =SUMIFS(AtractivoSitios!$C:$C,AtractivoSitios!$A:$A,$A39,AtractivoSitios!$B:$B,O$2) -> 0 | P39: =SUMIFS(AtractivoSitios!$C:$C,AtractivoSitios!$A:$A,$A39,AtractivoSitios!$B:$B,P$2) -> 0 | Q39: =SUMIFS(AtractivoSitios!$C:$C,AtractivoSitios!$A:$A,$A39,AtractivoSitios!$B:$B,Q$2) -> 0 | R39: =SUMIFS(AtractivoSitios!$C:$C,AtractivoSitios!$A:$A,$A39,AtractivoSitios!$B:$B,R$2) -> 0 | S39: =SUMIFS(AtractivoSitios!$C:$C,AtractivoSitios!$A:$A,$A39,AtractivoSitios!$B:$B,S$2) -> 0.56620868 | T39: =SUM(M39:S39) -> 0.56620868 | U39: =C39/(AD$4+H39+$T39) -> 0.00019100507 | V39: =D39/(AE$4+I39+$T39) -> 5.5243645e-05 | W39: =E39/(AF$4+J39+$T39) -> 0.00031440144 | X39: =F39/(AG$4+K39+$T39) -> 1.7420589e-05 | Y39: =G39/(AH$4+L39+$T39) -> 1.0806864e-05
A40: Z38 | B40: =SUMIFS(Sectores!$C:$C,Sectores!$A:$A,$A40) -> 4784 | C40: =SUMIFS(Generacion!$C:$C,Generacion!$A:$A,$A40,Generacion!$B:$B,C$2) -> 0.043533877 | D40: =SUMIFS(Generacion!$C:$C,Generacion!$A:$A,$A40,Generacion!$B:$B,D$2) -> 0.037870933 | E40: =SUMIFS(Generacion!$C:$C,Generacion!$A:$A,$A40,Generacion!$B:$B,E$2) -> 0.01344949 | F40: =SUMIFS(Generacion!$C:$C,Generacion!$A:$A,$A40,Generacion!$B:$B,F$2) -> 0.0035393396 | G40: =SUMIFS(Generacion!$C:$C,Generacion!$A:$A,$A40,Generacion!$B:$B,G$2) -> 0.0024775377 | H40: =SUMPRODUCT((AtractivoAlternativas!$A$2:$A$931=$A40)*AtractivoAlternativas!$C$2:$C$931*COUNTIFS(Alternativas!$A$2:$A$51,AtractivoAlternativas!$B$2:$B$931,Alternativas!$B$2:$B$51,H$2)) -> 2.1374345 | I40: =SUMPRODUCT((AtractivoAlternativas!$A$2:$A$931=$A40)*AtractivoAlternativas!$C$2:$C$931*COUNTIFS(Alternativas!$A$2:$A$51,AtractivoAlternativas!$B$2:$B$931,Alternativas!$B$2:$B$51,I$2)) -> 5.415383 | J40: =SUMPRODUCT((AtractivoAlternativas!$A$2:$A$931=$A40)*AtractivoAlternativas!$C$2:$C$931*COUNTIFS(Alternativas!$A$2:$A$51,AtractivoAlternativas!$B$2:$B$931,Alternativas!$B$2:$B$51,J$2)) -> 1.2509096 | K40: =SUMPRODUCT((AtractivoAlternativas!$A$2:$A$931=$A40)*AtractivoAlternativas!$C$2:$C$931*COUNTIFS(Alternativas!$A$2:$A$51,AtractivoAlternativas!$B$2:$B$931,Alternativas!$B$2:$B$51,K$2)) -> 0 | L40: =SUMPRODUCT((AtractivoAlternativas!$A$2:$A$931=$A40)*AtractivoAlternativas!$C$2:$C$931*COUNTIFS(Alternativas!$A$2:$A$51,AtractivoAlternativas!$B$2:$B$931,Alternativas!$B$2:$B$51,L$2)) -> 0 | M40: =SUMIFS(AtractivoSitios!$C:$C,AtractivoSitios!$A:$A,$A40,AtractivoSitios!$B:$B,M$2) -> 0 | N40: =SUMIFS(AtractivoSitios!$C:$C,AtractivoSitios!$A:$A,$A40,AtractivoSitios!$B:$B,N$2) -> 0 | O40: =SUMIFS(AtractivoSitios!$C:$C,AtractivoSitios!$A:$A,$A40,AtractivoSitios!$B:$B,O$2) -> 0 | P40: =SUMIFS(AtractivoSitios!$C:$C,AtractivoSitios!$A:$A,$A40,AtractivoSitios!$B:$B,P$2) -> 0.41763176 | Q40: =SUMIFS(AtractivoSitios!$C:$C,AtractivoSitios!$A:$A,$A40,AtractivoSitios!$B:$B,Q$2) -> 0 | R40: =SUMIFS(AtractivoSitios!$C:$C,AtractivoSitios!$A:$A,$A40,AtractivoSitios!$B:$B,R$2) -> 0 | S40: =SUMIFS(AtractivoSitios!$C:$C,AtractivoSitios!$A:$A,$A40,AtractivoSitios!$B:$B,S$2) -> 0.5351651 | T40: =SUM(M40:S40) -> 0.95279686 | U40: =C40/(AD$4+H40+$T40) -> 0.00019055122 | V40: =D40/(AE$4+I40+$T40) -> 5.5192572e-05 | W40: =E40/(AF$4+J40+$T40) -> 0.00031178727 | X40: =F40/(AG$4+K40+$T40) -> 1.7387504e-05 | Y40: =G40/(AH$4+L40+$T40) -> 1.0788671e-05
A41: Z39 | B41: =SUMIFS(Sectores!$C:$C,Sectores!$A:$A,$A41) -> 7345 | C41: =SUMIFS(Generacion!$C:$C,Generacion!$A:$A,$A41,Generacion!$B:$B,C$2) -> 0.043533877 | D41: =SUMIFS(Generacion!$C:$C,Generacion!$A:$A,$A41,Generacion!$B:$B,D$2) -> 0.037870933 | E41: =SUMIFS(Generacion!$C:$C,Generacion!$A:$A,$A41,Generacion!$B:$B,E$2) -> 0.01344949 | F41: =SUMIFS(Generacion!$C:$C,Generacion!$A:$A,$A41,Generacion!$B:$B,F$2) -> 0.0035393396 | G41: =SUMIFS(Generacion!$C:$C,Generacion!$A:$A,$A41,Generacion!$B:$B,G$2) -> 0.0024775377 | H41: =SUMPRODUCT((AtractivoAlternativas!$A$2:$A$931=$A41)*AtractivoAlternativas!$C$2:$C$931*COUNTIFS(Alternativas!$A$2:$A$51,AtractivoAlternativas!$B$2:$B$931,Alternativas!$B$2:$B$51,H$2)) -> 1.899843 | I41: =SUMPRODUCT((AtractivoAlternativas!$A$2:$A$931=$A41)*AtractivoAlternativas!$C$2:$C$931*COUNTIFS(Alternativas!$A$2:$A$51,AtractivoAlternativas!$B$2:$B$931,Alternativas!$B$2:$B$51,I$2)) -> 5.0232991 | J41: =SUMPRODUCT((AtractivoAlternativas!$A$2:$A$931=$A41)*AtractivoAlternativas!$C$2:$C$931*COUNTIFS(Alternativas!$A$2:$A$51,AtractivoAlternativas!$B$2:$B$931,Alternativas!$B$2:$B$51,J$2)) -> 1.1057782 | K41: =SUMPRODUCT((AtractivoAlternativas!$A$2:$A$931=$A41)*AtractivoAlternativas!$C$2:$C$931*COUNTIFS(Alternativas!$A$2:$A$51,AtractivoAlternativas!$B$2:$B$931,Alternativas!$B$2:$B$51,K$2)) -> 0 | L41: =SUMPRODUCT((AtractivoAlternativas!$A$2:$A$931=$A41)*AtractivoAlternativas!$C$2:$C$931*COUNTIFS(Alternativas!$A$2:$A$51,AtractivoAlternativas!$B$2:$B$931,Alternativas!$B$2:$B$51,L$2)) -> 0 | M41: =SUMIFS(AtractivoSitios!$C:$C,AtractivoSitios!$A:$A,$A41,AtractivoSitios!$B:$B,M$2) -> 0 | N41: =SUMIFS(AtractivoSitios!$C:$C,AtractivoSitios!$A:$A,$A41,AtractivoSitios!$B:$B,N$2) -> 0 | O41: =SUMIFS(AtractivoSitios!$C:$C,AtractivoSitios!$A:$A,$A41,AtractivoSitios!$B:$B,O$2) -> 0 | P41: =SUMIFS(AtractivoSitios!$C:$C,AtractivoSitios!$A:$A,$A41,AtractivoSitios!$B:$B,P$2) -> 0 | Q41: =SUMIFS(AtractivoSitios!$C:$C,AtractivoSitios!$A:$A,$A41,AtractivoSitios!$B:$B,Q$2) -> 0 | R41: =SUMIFS(AtractivoSitios!$C:$C,AtractivoSitios!$A:$A,$A41,AtractivoSitios!$B:$B,R$2) -> 0.47378071 | S41: =SUMIFS(AtractivoSitios!$C:$C,AtractivoSitios!$A:$A,$A41,AtractivoSitios!$B:$B,S$2) -> 0.64060839 | T41: =SUM(M41:S41) -> 1.1143891 | U41: =C41/(AD$4+H41+$T41) -> 0.00019061463 | V41: =D41/(AE$4+I41+$T41) -> 5.5211118e-05 | W41: =E41/(AF$4+J41+$T41) -> 0.00031166834 | X41: =F41/(AG$4+K41+$T41) -> 1.7373712e-05 | Y41: =G41/(AH$4+L41+$T41) -> 1.0781085e-05
A42: Z40 | B42: =SUMIFS(Sectores!$C:$C,Sectores!$A:$A,$A42) -> 3603 | C42: =SUMIFS(Generacion!$C:$C,Generacion!$A:$A,$A42,Generacion!$B:$B,C$2) -> 0.043533877 | D42: =SUMIFS(Generacion!$C:$C,Generacion!$A:$A,$A42,Generacion!$B:$B,D$2) -> 0.037870933 | E42: =SUMIFS(Generacion!$C:$C,Generacion!$A:$A,$A42,Generacion!$B:$B,E$2) -> 0.01344949 | F42: =SUMIFS(Generacion!$C:$C,Generacion!$A:$A,$A42,Generacion!$B:$B,F$2) -> 0.0035393396 | G42: =SUMIFS(Generacion!$C:$C,Generacion!$A:$A,$A42,Generacion!$B:$B,G$2) -> 0.0024775377 | H42: =SUMPRODUCT((AtractivoAlternativas!$A$2:$A$931=$A42)*AtractivoAlternativas!$C$2:$C$931*COUNTIFS(Alternativas!$A$2:$A$51,AtractivoAlternativas!$B$2:$B$931,Alternativas!$B$2:$B$51,H$2)) -> 2.0741281 | I42: =SUMPRODUCT((AtractivoAlternativas!$A$2:$A$931=$A42)*AtractivoAlternativas!$C$2:$C$931*COUNTIFS(Alternativas!$A$2:$A$51,AtractivoAlternativas!$B$2:$B$931,Alternativas!$B$2:$B$51,I$2)) -> 4.9571776 | J42: =SUMPRODUCT((AtractivoAlternativas!$A$2:$A$931=$A42)*AtractivoAlternativas!$C$2:$C$931*COUNTIFS(Alternativas!$A$2:$A$51,AtractivoAlternativas!$B$2:$B$931,Alternativas!$B$2:$B$51,J$2)) -> 0.7238663 | K42: =SUMPRODUCT((AtractivoAlternativas!$A$2:$A$931=$A42)*AtractivoAlternativas!$C$2:$C$931*COUNTIFS(Alternativas!$A$2:$A$51,AtractivoAlternativas!$B$2:$B$931,Alternativas!$B$2:$B$51,K$2)) -> 0 | L42: =SUMPRODUCT((AtractivoAlternativas!$A$2:$A$931=$A42)*AtractivoAlternativas!$C$2:$C$931*COUNTIFS(Alternativas!$A$2:$A$51,AtractivoAlternativas!$B$2:$B$931,Alternativas!$B$2:$B$51,L$2)) -> 0 | M42: =SUMIFS(AtractivoSitios!$C:$C,AtractivoSitios!$A:$A,$A42,AtractivoSitios!$B:$B,M$2) -> 0 | N42: =SUMIFS(AtractivoSitios!$C:$C,AtractivoSitios!$A:$A,$A42,AtractivoSitios!$B:$B,N$2) -> 0 | O42: =SUMIFS(AtractivoSitios!$C:$C,AtractivoSitios!$A:$A,$A42,AtractivoSitios!$B:$B,O$2) -> 0 | P42: =SUMIFS(AtractivoSitios!$C:$C,AtractivoSitios!$A:$A,$A42,AtractivoSitios!$B:$B,P$2) -> 0.47863476 | Q42: =SUMIFS(AtractivoSitios!$C:$C,AtractivoSitios!$A:$A,$A42,AtractivoSitios!$B:$B,Q$2) -> 0 | R42: =SUMIFS(AtractivoSitios!$C:$C,AtractivoSitios!$A:$A,$A42,AtractivoSitios!$B:$B,R$2) -> 0.37675282 | S42: =SUMIFS(AtractivoSitios!$C:$C,AtractivoSitios!$A:$A,$A42,AtractivoSitios!$B:$B,S$2) -> 0.47396313 | T42: =SUM(M42:S42) -> 1.3293507 | U42: =C42/(AD$4+H42+$T42) -> 0.00019029031 | V42: =D42/(AE$4+I42+$T42) -> 5.5199141e-05 | W42: =E42/(AF$4+J42+$T42) -> 0.0003128788 | X42: =F42/(AG$4+K42+$T42) -> 1.7355399e-05 | Y42: =G42/(AH$4+L42+$T42) -> 1.077101e-05
A43: Z41 | B43: =SUMIFS(Sectores!$C:$C,Sectores!$A:$A,$A43) -> 3128 | C43: =SUMIFS(Generacion!$C:$C,Generacion!$A:$A,$A43,Generacion!$B:$B,C$2) -> 0.043533877 | D43: =SUMIFS(Generacion!$C:$C,Generacion!$A:$A,$A43,Generacion!$B:$B,D$2) -> 0.037870933 | E43: =SUMIFS(Generacion!$C:$C,Generacion!$A:$A,$A43,Generacion!$B:$B,E$2) -> 0.01344949 | F43: =SUMIFS(Generacion!$C:$C,Generacion!$A:$A,$A43,Generacion!$B:$B,F$2) -> 0.0035393396 | G43: =SUMIFS(Generacion!$C:$C,Generacion!$A:$A,$A43,Generacion!$B:$B,G$2) -> 0.0024775377 | H43: =SUMPRODUCT((AtractivoAlternativas!$A$2:$A$931=$A43)*AtractivoAlternativas!$C$2:$C$931*COUNTIFS(Alternativas!$A$2:$A$51,AtractivoAlternativas!$B$2:$B$931,Alternativas!$B$2:$B$51,H$2)) -> 1.8495757 | I43: =SUMPRODUCT((AtractivoAlternativas!$A$2:$A$931=$A43)*AtractivoAlternativas!$C$2:$C$931*COUNTIFS(Alternativas!$A$2:$A$51,AtractivoAlternativas!$B$2:$B$931,Alternativas!$B$2:$B$51,I$2)) -> 4.872125 | J43: =SUMPRODUCT((AtractivoAlternativas!$A$2:$A$931=$A43)*AtractivoAlternativas!$C$2:$C$931*COUNTIFS(Alternativas!$A$2:$A$51,AtractivoAlternativas!$B$2:$B$931,Alternativas!$B$2:$B$51,J$2)) -> 0.9243551 | K43: =SUMPRODUCT((AtractivoAlternativas!$A$2:$A$931=$A43)*AtractivoAlternativas!$C$2:$C$931*COUNTIFS(Alternativas!$A$2:$A$51,AtractivoAlternativas!$B$2:$B$931,Alternativas!$B$2:$B$51,K$2)) -> 0 | L43: =SUMPRODUCT((AtractivoAlternativas!$A$2:$A$931=$A43)*AtractivoAlternativas!$C$2:$C$931*COUNTIFS(Alternativas!$A$2:$A$51,AtractivoAlternativas!$B$2:$B$931,Alternativas!$B$2:$B$51,L$2)) -> 0 | M43: =SUMIFS(AtractivoSitios!$C:$C,AtractivoSitios!$A:$A,$A43,AtractivoSitios!$B:$B,M$2) -> 0 | N43: =SUMIFS(AtractivoSitios!$C:$C,AtractivoSitios!$A:$A,$A43,AtractivoSitios!$B:$B,N$2) -> 0 | O43: =SUMIFS(AtractivoSitios!$C:$C,AtractivoSitios!$A:$A,$A43,AtractivoSitios!$B:$B,O$2) -> 0 | P43: =SUMIFS(AtractivoSitios!$C:$C,AtractivoSitios!$A:$A,$A43,AtractivoSitios!$B:$B,P$2) -> 0.38440461 | Q43: =SUMIFS(AtractivoSitios!$C:$C,AtractivoSitios!$A:$A,$A43,AtractivoSitios!$B:$B,Q$2) -> 0 | R43: =SUMIFS(AtractivoSitios!$C:$C,AtractivoSitios!$A:$A,$A43,AtractivoSitios!$B:$B,R$2) -> 0.51745914 | S43: =SUMIFS(AtractivoSitios!$C:$C,AtractivoSitios!$A:$A,$A43,AtractivoSitios!$B:$B,S$2) -> 0.50691522 | T43: =SUM(M43:S43) -> 1.408779 | U43: =C43/(AD$4+H43+$T43) -> 0.0001904111 | V43: =D43/(AE$4+I43+$T43) -> 5.5199593e-05 | W43: =E43/(AF$4+J43+$T43) -> 0.00031085458 | X43: =F43/(AG$4+K43+$T43) -> 1.7348642e-05 | Y43: =G43/(AH$4+L43+$T43) -> 1.0767292e-05
... A144: Z142 | B144: =SUMIFS(Sectores!$C:$C,Sectores!$A:$A,$A144) -> 4166 | C144: =SUMIFS(Generacion!$C:$C,Generacion!$A:$A,$A144,Generacion!$B:$B,C$2) -> 0.043533877 | D144: =SUMIFS(Generacion!$C:$C,Generacion!$A:$A,$A144,Generacion!$B:$B,D$2) -> 0.037870933 | E144: =SUMIFS(Generacion!$C:$C,Generacion!$A:$A,$A144,Generacion!$B:$B,E$2) -> 0.01344949 | F144: =SUMIFS(Generacion!$C:$C,Generacion!$A:$A,$A144,Generacion!$B:$B,F$2) -> 0.0035393396 | G144: =SUMIFS(Generacion!$C:$C,Generacion!$A:$A,$A144,Generacion!$B:$B,G$2) -> 0.0024775377 | H144: =SUMPRODUCT((AtractivoAlternativas!$A$2:$A$931=$A144)*AtractivoAlternativas!$C$2:$C$931*COUNTIFS(Alternativas!$A$2:$A$51,AtractivoAlternativas!$B$2:$B$931,Alternativas!$B$2:$B$51,H$2)) -> 0.62798319 | I144: =SUMPRODUCT((AtractivoAlternativas!$A$2:$A$931=$A144)*AtractivoAlternativas!$C$2:$C$931*COUNTIFS(Alternativas!$A$2:$A$51,AtractivoAlternativas!$B$2:$B$931,Alternativas!$B$2:$B$51,I$2)) -> 1.4300317 | J144: =SUMPRODUCT((AtractivoAlternativas!$A$2:$A$931=$A144)*AtractivoAlternativas!$C$2:$C$931*COUNTIFS(Alternativas!$A$2:$A$51,AtractivoAlternativas!$B$2:$B$931,Alternativas!$B$2:$B$51,J$2)) -> 0.62798319 | K144: =SUMPRODUCT((AtractivoAlternativas!$A$2:$A$931=$A144)*AtractivoAlternativas!$C$2:$C$931*COUNTIFS(Alternativas!$A$2:$A$51,AtractivoAlternativas!$B$2:$B$931,Alternativas!$B$2:$B$51,K$2)) -> 0 | L144: =SUMPRODUCT((AtractivoAlternativas!$A$2:$A$931=$A144)*AtractivoAlternativas!$C$2:$C$931*COUNTIFS(Alternativas!$A$2:$A$51,AtractivoAlternativas!$B$2:$B$931,Alternativas!$B$2:$B$51,L$2)) -> 0 | M144: =SUMIFS(AtractivoSitios!$C:$C,AtractivoSitios!$A:$A,$A144,AtractivoSitios!$B:$B,M$2) -> 0 | N144: =SUMIFS(AtractivoSitios!$C:$C,AtractivoSitios!$A:$A,$A144,AtractivoSitios!$B:$B,N$2) -> 0 | O144: =SUMIFS(AtractivoSitios!$C:$C,AtractivoSitios!$A:$A,$A144,AtractivoSitios!$B:$B,O$2) -> 0 | P144: =SUMIFS(AtractivoSitios!$C:$C,AtractivoSitios!$A:$A,$A144,AtractivoSitios!$B:$B,P$2) -> 0 | Q144: =SUMIFS(AtractivoSitios!$C:$C,AtractivoSitios!$A:$A,$A144,AtractivoSitios!$B:$B,Q$2) -> 0.65221846 | R144: =SUMIFS(AtractivoSitios!$C:$C,AtractivoSitios!$A:$A,$A144,AtractivoSitios!$B:$B,R$2) -> 0 | S144: =SUMIFS(AtractivoSitios!$C:$C,AtractivoSitios!$A:$A,$A144,AtractivoSitios!$B:$B,S$2) -> 0 | T144: =SUM(M144:S144) -> 0.65221846 | U144: =C144/(AD$4+H144+$T144) -> 0.00019207295 | V144: =D144/(AE$4+I144+$T144) -> 5.5539486e-05 | W144: =E144/(AF$4+J144+$T144) -> 0.00031860828 | X144: =F144/(AG$4+K144+$T144) -> 1.7413217e-05 | Y144: =G144/(AH$4+L144+$T144) -> 1.0802811e-05

Sheet Coordenadas
A1: elemento | B1: tipo | C1: x [km] | D1: y [km]
A2: Z1 | B2: sector | C2: 5.96 | D2: 4.01
A3: Z2 | B3: sector | C3: 6.18 | D3: 3.65
A4: Z3 | B4: sector | C4: 4.94 | D4: 3.65
A5: Z4 | B5: sector | C5: 5.49 | D5: 3.93
A6: Z5 | B6: sector | C6: 5.5 | D6: 3.59
A7: Z6 | B7: sector | C7: 6.41 | D7: 4.03
A8: Z7 | B8: sector | C8: 6.18 | D8: 9.91
A9: Z8 | B9: sector | C9: 8 | D9: 9.06
A10: Z9 | B10: sector | C10: 7.51 | D10: 7.01
A11: Z10 | B11: sector | C11: 6.42 | D11: 9.27
A12: Z11 | B12: sector | C12: 6.69 | D12: 8.54
A13: Z12 | B13: sector | C13: 8.02 | D13: 7.59
... A203: A40 | B203: alternativa | C203: 1.11 | D203: 0.89

Sheet Fuentes_Metodologia
A1: GENERACION 2023 | BASE Y TRAZABILIDAD | V1
A3: Generación ajustada a 560.695 habitantes del Excel; tasas numéricas en Generacion para compatibilidad con código.
A5: Población de instancia | B5: 560695 | C5: hab | D5: Fijada por el equipo; igual a suma de Sectores
A6: RSD 2023 - suma de meses | B6: =J19 -> 198449 | C6: ton | D6: Dato base anual de recolección domiciliaria; sumar detalle mensual | I6: Mes (2023) | J6: RSD recolectado [ton]
A7: RSD 2023 - total indicado | B7: 198446 | C7: ton | D7: Discrepancia pendiente de revisar en RSD_2023.xlsx | I7: Enero | J7: 17945
A8: Diferencia suma - total | B8: =B6-B7 -> 3 | C8: ton | D8: Control del dato anual | I8: Febrero | J8: 15275
A9: Tasa anual RSD ajustada | B9: =B6/B5 -> 0.35393396 | C9: ton/hab/año | D9: 198.449 / 560.695, no es tasa oficial por habitante | I9: Marzo | J9: 17206
A10: Fracción estimada 5 materiales | B10: =B24 -> 0.285 | C10: [-] | D10: Suma de composición de los cinco materiales | I10: Abril | J10: 15613
A11: Tasa anual 5 materiales | B11: =E24 -> 0.10087118 | C11: ton/hab/año | D11: Suma de tasas anuales estimadas | I11: Mayo | J11: 16528
A12: Toneladas estimadas 5 materiales | B12: =F24 -> 56557.965 | C12: ton/año | D12: Estimación de generación de cinco materiales | I12: Junio | J12: 15204
A13: Población en Sectores | B13: =SUM(Sectores!C2:C143) -> 560695 | C13: hab | D13: Verificación independiente contra hoja Sectores | I13: Julio | J13: 15162
A14: Suma fracciones en Semanas | B14: =SUM(Semanas!C2:C53) -> 1 | C14: [-] | D14: Debe ser 1 para no duplicar estacionalidad | I14: Agosto | J14: 16641
A15: Registros de Generacion | B15: =COUNTA(Generacion!A2:A711) -> 710 | C15: filas | D15: 142 sectores x 5 materiales = 710 | I15: Septiembre | J15: 16088
A16: Diferencia vs 710 | B16: =B15-710 -> 0 | C16: filas | D16: Debe ser 0 | I16: Octubre | J16: 17304
I17: Noviembre | J17: 16900
A18: Material | B18: Proporción [% de RSD] | C18: Origen | D18: Año referencia | E18: Tasa [ton/hab/año] | F18: Estimado [ton/año] | G18: URL fuente | I18: Diciembre | J18: 18583
A19: Papel y cartón | B19: 0.123 | C19: MMA / Catastro SUBDERE 2017 | D19: 2017 | E19: =$B$9*B19 -> 0.043533877 | F19: =E19*$B$5 -> 24409.227 | G19: https://snichile.mma.gob.cl/wp-content/uploads/2023/04/2022_IIN_CL.pdf | I19: SUMA MENSUAL | J19: =SUM(J7:J18) -> 198449
A20: Plástico | B20: 0.107 | C20: MMA / Catastro SUBDERE 2017 | D20: 2017 | E20: =$B$9*B20 -> 0.037870933 | F20: =E20*$B$5 -> 21234.043 | G20: https://snichile.mma.gob.cl/wp-content/uploads/2023/04/2022_IIN_CL.pdf
A21: Vidrio | B21: 0.038 | C21: MMA / Catastro SUBDERE 2017 | D21: 2017 | E21: =$B$9*B21 -> 0.01344949 | F21: =E21*$B$5 -> 7541.062 | G21: https://snichile.mma.gob.cl/wp-content/uploads/2023/04/2022_IIN_CL.pdf
A22: Metales | B22: 0.01 | C22: MMA / Catastro SUBDERE 2017 | D22: 2017 | E22: =$B$9*B22 -> 0.0035393396 | F22: =E22*$B$5 -> 1984.49 | G22: https://snichile.mma.gob.cl/wp-content/uploads/2023/04/2022_IIN_CL.pdf
A23: Cartón para líquidos | B23: 0.007 | C23: CONAMA-PUCV / Sector residencial RM | D23: 2005 | E23: =$B$9*B23 -> 0.0024775377 | F23: =E23*$B$5 -> 1389.143 | G23: https://metadatos.mma.gob.cl/sinia/articles-39508_pdf_informeF.pdf
A24: TOTAL CINCO MATERIALES | B24: =SUM(B19:B23) -> 0.285 | E24: =SUM(E19:E23) -> 0.10087118 | F24: =SUM(F19:F23) -> 56557.965
A27: METODOLOGÍA Y LIMITACIONES PARA EL REPORTE DEL EQUIPO
A28: Alcance: las 710 filas (142 sectores x 5 materiales) en Generacion fueron completadas. No se alteraron las 15 hojas originales restantes.
A29: Fórmula: g_m = (RSD_2023 / P_instancia) x q_m; RSD_2023=198.449 ton (suma mensual) y P_instancia=560.695 hab.
A30: La misma tasa per cápita de cada material se aplica a todos los sectores; las cantidades totales difieren según la población sectorial.
A31: La generación total se aproxima a partir de residuos domiciliarios RECOLECTADOS. No equivale a generación medida de envases elegibles.
A32: Composición: porcentajes regionales SUBDERE 2017 para papel-cartón, plástico, vidrio y metales. Tetrapack = 0,70 % de CONAMA-PUCV residencial 2005.
A33: Los valores de composición son supuestos respaldados por caracterizaciones históricas de la RM, NO mediciones comunales de 2023.
A34: Papel/cartón y Tetrapack se separan como categorías diferentes. Al mezclar dos caracterizaciones distintas subsiste incertidumbre metodológica.
A35: Discrepancia: el total 2023 citado previamente es 198.446 ton y la suma de las cifras mensuales anotadas es 198.449 ton (3 ton). Verificar descarga municipal.
A36: La hoja Semanas queda intacta. Sus 52 fracciones suman 1; NO aplicar nuevamente un factor adicional de verano.
A37: IMPORTANTE: tasa per cápita ajustada a población georreferenciada de 2024; NO publicitarla como tasa oficial per cápita observada para 2023.
A38: Valores de Generacion son NÚMEROS y no fórmulas para facilitar lectura desde código externo; las fórmulas de respaldo están en esta hoja.
... A43: ENLACES Y DOCUMENTOS PARA TRAZABILIDAD
A44: Residuos 2023 | B44: Municipalidad de Puente Alto; serie mensual RSD 2023 | E44: https://datos.mpuentealto.cl/datasets/201106/residuos-solidos-domiciliarios-en-toneladas-enero-a-diciembre-2023/
A45: Composición regional 2017 | B45: MMA; Informe inventario GEI 2022, tabla 7-8 | E45: https://snichile.mma.gob.cl/wp-content/uploads/2023/04/2022_IIN_CL.pdf
A46: Tetrapack RM | B46: CONAMA-PUCV; estudio caracterización residencial, tabla 29 | E46: https://metadatos.mma.gob.cl/sinia/articles-39508_pdf_informeF.pdf
A47: Población de instancia | B47: 142 sectores del Excel original; documentación de compañero | E47: Archivo ICS1113-E3-texto-informe.md.pdf
A48: Estacionalidad | B48: 52 factores en hoja Semanas; investigación de compañero | E48: Archivo ICS1113-E3-texto-informe.md.pdf
